x,value
A,10.079154004417575
B,10.899638817735745
C,2.169568096456437
D,5.00227583131217
A,6.715620717582395
B,-0.9333871082184366
C,4.048599334765479
D,0.661696983210871
A,1.8051662775184274
B,4.010110336980224
C,1.9585816511621228
D,3.014312883562744
A,1.6155010945441872
B,0.37758019957918476
C,5.125033702389432
D,6.931855554135359
A,1.7923004545795744
B,-2.2480584006217637
C,0.6695469287473794
D,1.7102598990512963
A,3.0940503330826825
B,-0.46584139264180413
C,0.9865647345950508
D,7.624857373762428
A,9.089031242418368
B,-0.08713466192543207
C,4.347844264264026
D,-1.2078344519181006
A,0.44535657357794634
B,4.895343144684266
C,0.6144175366900883
D,6.650659168514256
A,2.251421813908975
B,3.687438980789759
C,6.864690140828978
D,-0.2584589481094923
A,1.52625135599697
B,3.155805684874693
C,1.9616743265861074
D,0.29299418768252083
A,2.8348128613358274
B,5.167890143713743
C,2.6477858515171544
D,5.491837589797211
A,0.4573211513978177
B,-1.076190621718669
C,4.450945588057474
D,6.83343115806235
A,8.601411506638284
B,2.2801408282936633
C,2.7765732746176206
D,4.292220943464507
A,1.820681290419004
B,2.516753665799231
C,1.614847670902345
D,1.6303057819741564
A,1.6419296351430166
B,4.742124508418655
C,1.728936597384558
D,1.7110771802240285
A,1.4862676927794383
B,4.976548503065836
C,1.2719073780244219
D,4.26821311921247
A,4.270947959659663
B,5.62066849075358
C,3.8354423644226783
D,0.09909475665127054
A,3.377647567769677
B,6.51525008369552
C,1.7625732816361226
D,2.7367887564156197
A,3.2656686563355697
B,5.124093148181712
C,3.0441112456781667
D,6.847782095479124
A,3.331268381470574
B,-1.1495041264760806
C,1.713773543485482
D,1.382301076948885
A,2.9177402320584704
B,3.3170008571189604
C,1.2606736737909665
D,6.267753398063128
A,2.0968987758134388
B,3.8227345840889564
C,1.2298261092763176
D,4.262979967681015
A,0.9851846219001945
B,-0.11984422143935314
C,1.2836502152890363
D,-1.3534515888789393
A,2.4181465950504277
B,-0.3731324730393655
C,4.930991845249553
D,0.9719260432109724
A,0.7417585590936815
B,6.337677199140032
C,1.8603846445751675
D,-1.4404890382975775
A,5.819678275401329
B,0.8022493529335528
C,1.0448979201836541
D,3.5031500965610434
A,5.568103630477262
B,-1.3807343030065713
C,2.0025515168183556
D,2.5572918422604367
A,0.3844337081024203
B,7.19332425768318
C,7.638340642502392
D,1.1985569739270394
A,2.376906978267879
B,7.234686717238244
C,1.1635463161649882
D,-0.9627066038138338
A,8.74498683311321
B,3.8274255758416498
C,0.9847180031649522
D,4.857804632727349
A,2.854340967606859
B,10.006170336550008
C,3.985235864808851
D,1.3460928309932965
A,6.316561162666234
B,4.825990915845698
C,4.01417617473701
D,-1.2056903073247365
A,2.7377949529720946
B,-1.1364766477333044
C,2.2117239475579358
D,-0.6589001715704563
A,6.967046029124543
B,2.8653430528750636
C,3.0627808293360155
D,-1.033270477385785
A,4.6637761588251445
B,2.8883562899929642
C,3.079125890603242
D,2.942626469658676
A,3.4804550531244853
B,0.32879101939735333
C,3.0456668400718723
D,3.3964929210702524
A,2.824095318270045
B,5.599368302429444
C,7.171211703124423
D,3.2202558824126912
A,1.8933720670999366
B,7.202884180451671
C,0.6626453464380754
D,2.763125134406982
A,0.7170684062131865
B,7.596950706246162
C,6.884207973697854
D,6.046137153648205
A,9.556628974418508
B,0.8435782774320222
C,2.377007151652994
D,4.074010126347204
A,2.4084022664684337
B,4.4574550418669165
C,0.5506946711370418
D,5.466251096414777
A,8.524498037794238
B,0.17957501319986147
C,1.6161864533595802
D,7.96338106679366
A,2.241244304073372
B,-3.7633782153447832
C,1.1417596706097228
D,7.89994512563848
A,0.5330507151171953
B,4.505109344097505
C,1.4853431011620521
D,-1.0318381405119772
A,-0.6721040494191444
B,4.241227357955223
C,6.343051723886766
D,4.167644129056771
A,2.213795178488369
B,3.767199345540709
C,6.533231092720069
D,3.5841236733210016
A,6.389400164091514
B,1.400437578448655
C,3.6212378764438173
D,1.5159807054457137
A,1.6939260173902007
B,3.743629840886468
C,3.610659951965478
D,1.8639313614584663
A,2.3988480575189834
B,6.235372435570843
C,1.9597568683598718
D,0.5952603340532203
A,2.880385457148768
B,-2.461200973281029
C,2.901764068720479
D,1.501270811667018
A,7.940075563136631
B,-0.31769420222098743
C,4.395904343106895
D,7.347078272117599
A,2.6206059471917524
B,-3.0749081575478145
C,0.36376582993342005
D,6.385875237136484
A,5.632848551528022
B,1.616131194315495
C,0.8866849120359345
D,2.9037149345138387
A,10.419390088201222
B,6.36488831201051
C,6.866930234726513
D,2.6762521936093435
A,2.9761562184419152
B,7.7789872923523715
C,4.020935419038233
D,-0.8635364445688557
A,2.3272704882061857
B,3.603161318528527
C,1.7766283690153517
D,5.2129472856853685
A,2.26848608213666
B,1.7217118213327325
C,1.4105142845542833
D,2.8356613447813377
A,0.12050271457545403
B,1.673529415042489
C,6.373567756646448
D,5.365048979298061
A,9.79930867060581
B,4.704306413305215
C,2.8063953036878244
D,6.4135008668022895
A,1.3468469575811661
B,-0.20890464478017146
C,0.8493074424285955
D,7.050680906620249
A,2.466864521629547
B,0.36878801241727865
C,0.631231033012837
D,-0.3120458088439195
A,14.927663810210722
B,1.8176090633441022
C,4.969651523903385
D,2.8980780498802314
A,6.862524003754229
B,2.043506892662481
C,3.5607992973900267
D,0.9541011146022833
A,2.598416405229555
B,5.1751728230341625
C,4.861978977586702
D,4.19675658890937
A,4.878012338627412
B,5.474625023603737
C,1.699066308020283
D,4.164914514552335
A,10.54087393515507
B,4.392297260444844
C,2.2718653273015224
D,-0.7259899421372278
A,0.9418298523460618
B,6.143691588637319
C,4.085472330626463
D,6.3629236792579444
A,9.79899823296525
B,2.660147943162778
C,3.12905264993595
D,-1.420587969923492
A,7.002560309153592
B,6.690820560385188
C,3.8238759604624617
D,2.240303771003693
A,5.13661365233493
B,10.352804730968113
C,7.768490286758243
D,6.202261946690001
A,1.8870454290230434
B,4.939224392093385
C,11.556050742155193
D,-0.2583488321695402
A,1.0632742996026998
B,10.22775737661255
C,3.4860246307301184
D,3.7653758969668694
A,3.1323833444168505
B,3.0932708972850027
C,3.537152764478731
D,-1.5079189671801045
A,4.103685557989191
B,6.9710503995322775
C,1.5786603754605208
D,2.2049999445347654
A,1.0115370952936495
B,1.443367306123366
C,0.4387485220670193
D,-0.7684754809672777
A,1.9303040859146008
B,10.794042304715106
C,5.286134423381428
D,6.494167558637985
A,10.982530729243795
B,-0.07908675309818447
C,0.7381553021999162
D,0.19959178826194157
A,3.171897768890636
B,4.027813789223122
C,13.084162404168948
D,5.092195907216304
A,6.609075927419479
B,1.3590991300773132
C,1.3047953738120097
D,-0.5193208793763964
A,1.5436886909012388
B,3.9429644642322557
C,0.2348782691529854
D,5.388895161821221
A,3.0211843887036656
B,1.1616446417929875
C,3.5133024330023064
D,1.8771724426399419
A,7.322143491231521
B,0.29430143005346254
C,3.0045439776972804
D,-0.15440655655746838
A,1.8933632914047835
B,8.112805845781306
C,3.250344358351411
D,7.770604182803323
A,1.6949831916214289
B,2.4472673574055284
C,1.9025492614193382
D,3.0318689348123185
A,7.724863405204234
B,1.1792493076474315
C,4.69343289753532
D,-0.9469116584546176
A,6.869771077712652
B,1.9742149737901453
C,4.587717477680001
D,3.638777934793885
A,1.4656851842286553
B,-1.7611389190364717
C,2.081547717630563
D,5.179659899643219
A,2.419618672191092
B,4.6693928836967
C,2.7318249321779002
D,1.5117829268609966
A,2.53311067092758
B,-0.1321077259600285
C,0.8196280177299331
D,7.5598882200417314
A,11.593664315611996
B,0.020533748645656047
C,0.17567952730169054
D,-0.3225995297539237
A,10.383738699210122
B,4.583263125160148
C,2.9861544534386657
D,2.7183383645271197
A,8.920409642843056
B,5.919700607826375
C,3.4122444101386913
D,7.45118757214914
A,1.5133204033552299
B,-0.5125995037188993
C,2.8243454911929873
D,7.244511916878185
A,15.060782828232634
B,1.8074391440117223
C,2.8359503906549772
D,7.729750569761942
A,7.962785729403136
B,7.308680596407361
C,15.73921247522617
D,2.196430484193779
A,1.825660796112858
B,2.3504783569296808
C,2.0723148767620794
D,3.4079580453234692
A,8.365696734847173
B,4.006578384181855
C,6.1328966348321865
D,4.013875858724487
A,2.3208517831658035
B,6.5577858190183616
C,1.0568899026435528
D,4.3324704316696305
A,9.489972634442292
B,7.22396301074574
C,0.847444084353982
D,5.990447514756052
A,10.2973777578604
B,-1.0655206436157645
C,1.7726985174196923
D,-0.5585449683780477
A,5.126692743280855
B,1.1071458577728857
C,4.004463889762182
D,4.24906522946611
A,7.344071688348016
B,0.6711441387192489
C,1.0104771098500933
D,0.8872586928685218
A,2.427700939538267
B,2.9784380231455287
C,6.9757349884115785
D,8.009823424385399
A,1.4978151325575064
B,4.4419174775161725
C,1.6309956695865004
D,7.873604076088892
A,1.5279698388814114
B,5.210400680704559
C,3.893932980788031
D,5.844707582230973
A,8.31649036882612
B,6.4071551117376195
C,1.2777590524820808
D,5.725193556191121
A,1.161176363365554
B,2.299046000565604
C,8.339966383983956
D,6.572916919089019
A,2.673117207474445
B,-2.965567247500439
C,4.3766099507695015
D,-1.2990146521410613
A,5.2986552238990114
B,2.1736049327123066
C,1.4339670558188695
D,0.34152516563633006
A,1.9390118726095456
B,8.872979771293574
C,4.750915948233782
D,-0.832002854065777
A,7.93970967343113
B,0.3655158035584045
C,8.367151831087266
D,-0.5029356404818428
A,8.32333582398376
B,5.610721440468616
C,3.562201886477291
D,4.690108783544772
A,-0.0888340261676781
B,6.754941296332019
C,2.2762801993962927
D,1.2427330532957042
A,7.613942569308847
B,8.442256196857526
C,1.707336164328099
D,3.080319069539036
A,-0.02718575866372186
B,4.7729583873173
C,3.549485210385517
D,1.4921640170256802
A,9.226584384886436
B,3.0006193460218773
C,5.070565658167803
D,-1.2554300873085913
A,0.8678897976514981
B,1.9549738639934444
C,3.5865379276375404
D,1.9410701636358332
A,1.2767112619311545
B,1.2469104745998059
C,0.9909319672211558
D,2.572903277452345
A,9.390338699604792
B,7.425779350841036
C,2.8598358087787394
D,0.15692718719627785
A,7.239297783968267
B,-2.6233453589019415
C,6.460544120679196
D,5.486531050747195
A,2.8909734452247533
B,-2.164399763510855
C,6.096393920483607
D,0.6801172302430407
A,5.500190939311182
B,0.942807437168685
C,9.750688404107365
D,2.3882415632147946
A,3.7339608265239814
B,-0.5471624656783982
C,0.5015856559774047
D,0.0878333852389146
A,0.4421780103995494
B,-1.8052658810185616
C,12.991994220971787
D,-0.1143809118007193
A,7.8875238663721845
B,2.3761112920522254
C,4.793625886664468
D,5.35729601743695
A,3.421073648757898
B,12.231985073575771
C,0.2638794268282311
D,1.2874589274350074
A,2.6310798983083967
B,6.616264215946721
C,1.1912525370265408
D,4.376897724137755
A,9.26090530116318
B,5.014733963719275
C,0.21290874171361138
D,0.6575588838383855
A,3.7990460410437166
B,8.07570824887907
C,4.374101964634289
D,6.487703801489747
A,9.25364977705335
B,4.407472171387855
C,1.1594550353497488
D,-1.2367055471836497
A,9.366784528849298
B,5.849885453733318
C,3.322385852932159
D,2.808742330227047
A,1.865171283233233
B,9.924436697197446
C,0.11032351045101288
D,7.853388702862258
A,0.3882275090796623
B,5.26902083093551
C,8.422928927770243
D,5.640357785999649
A,0.4175724595857311
B,2.0433870392859843
C,0.05717783690380321
D,4.200869908225995
A,3.2600972695512596
B,7.368117034979714
C,0.3606643003553768
D,1.0745517780030664
A,13.666802296905127
B,6.10735297641488
C,2.693511403461866
D,5.119128399741596
A,1.8635714573391104
B,8.797813197476966
C,1.608463236167905
D,0.8183624112806114
A,10.374306237757494
B,4.094615612212485
C,2.586385790859725
D,4.952518098590436
A,1.6155927281678197
B,2.055638309583772
C,3.235678228477124
D,-0.8514620923219514
A,2.088523383759188
B,1.472238703511444
C,8.418950692023415
D,0.5823714355860532
A,8.922809916632882
B,9.307194452623648
C,1.492058557521172
D,2.5906293251179804
A,2.705944635893316
B,4.215147445332531
C,6.3434239272890585
D,7.255930160065519
A,1.4505581474001863
B,1.3973341750159705
C,1.6663206763891885
D,-1.150594215733941
A,5.2346778173425275
B,4.463775645126649
C,4.888161436913453
D,-1.480286604119462
A,5.937325883945436
B,1.903382180366626
C,0.25012554023196143
D,7.765800054298369
A,6.400749551335947
B,1.4177284906911436
C,2.497998170954013
D,4.904199764868347
A,-0.23167413069289466
B,5.389747030426259
C,1.3774377153478352
D,6.008064531070408
A,5.098620407871112
B,6.270736045293302
C,3.137700166116506
D,3.8373255998030507
A,5.70480864143223
B,6.532792994585137
C,0.5858809855688683
D,-0.878858542810361
A,2.324104052021172
B,-0.21019567860722566
C,0.9495696575690736
D,5.018911744366245
A,8.100058782198257
B,5.672625997164705
C,3.9941948382492742
D,6.657898243316753
A,12.653760404148004
B,4.41419287907529
C,1.459785318568799
D,3.6100487797598637
A,2.4091829822391775
B,3.1723993274197886
C,3.3764909430453076
D,-1.215369292933756
A,8.46429969079371
B,0.18520196252529209
C,1.6395432118722457
D,5.946859483712356
A,8.027402023878578
B,3.414036829997775
C,1.967183487327902
D,6.568365785986973
A,7.405445796587411
B,3.8968976179436265
C,1.0957260361911203
D,-0.9347418176791301
A,5.901012675620326
B,12.204975359098343
C,0.7056508575945266
D,2.996914106615903
A,8.112702138476775
B,0.059347137483590995
C,0.36379299628533907
D,1.1992167638793036
A,0.5524244347522558
B,-0.7073703349450988
C,5.195278719002629
D,-0.46199816301894114
A,3.094763206752507
B,-2.3955324007350463
C,4.893837748988196
D,0.6001519050041852
A,1.6324098253238655
B,6.829475228286004
C,8.763871486172631
D,7.2245685204743815
A,4.750106915132049
B,2.116164538856675
C,9.74901673706072
D,6.952910148533647
A,12.706993577999066
B,3.135648703284296
C,13.07686344629701
D,0.724532737593
A,0.840081161713937
B,3.8085354867683963
C,2.297698912858383
D,0.7119021814390889
A,5.5725660733592495
B,5.206759763598128
C,1.3775278930792367
D,7.203949432035717
A,11.775289526306945
B,0.6618822315178066
C,2.1783770019298787
D,5.465242458019777
A,5.446822688767526
B,3.8952873306268603
C,4.739879800756167
D,2.244711116719068
A,4.1027449427044775
B,6.563136917003488
C,1.6842213042546894
D,3.8787351461633364
A,0.5382457313483455
B,4.190910131981082
C,1.4161080268348891
D,3.39490366769616
A,10.06048929942397
B,5.268798484647363
C,1.3275786309890534
D,-0.9472327704987589
A,2.806184640476973
B,5.342263680000124
C,8.180791611925207
D,-0.03325787201274277
A,4.464369354920521
B,8.723075608449363
C,0.9418650644457598
D,7.049593828983362
A,0.7009655767112126
B,1.515286804622105
C,4.974618464902021
D,4.3086390621678605
A,1.8530348505032512
B,-0.4880464809721885
C,1.559155699297001
D,1.4465490887786356
A,1.6673831365256273
B,5.9241540892168585
C,1.6578883391108985
D,6.036954234299572
A,2.4807940128258084
B,7.995846715664371
C,0.19698368215958986
D,-0.020397264537966864
A,1.8346967242899594
B,1.833197945271525
C,11.663521719843617
D,0.6884206734082392
A,1.210621984336512
B,-0.32514852132825434
C,1.7269096511119078
D,3.036767579070448
A,2.178064871238824
B,4.596531977316758
C,0.1615997784487525
D,3.7414875116448476
A,2.5571483552731573
B,2.5992049870413267
C,1.8517539614524718
D,6.540116652009765
A,2.621175129693836
B,3.7360809585827943
C,0.9579697659971801
D,7.238718030766211
A,2.427959092401622
B,-0.7472228684077078
C,6.942983547221732
D,0.7516161131747796
A,10.315429250076903
B,6.8976835008954005
C,1.420224566521892
D,-0.2732173509552145
A,3.1240964334654064
B,5.1487506025414245
C,7.267557128084776
D,4.099008938152178
A,3.6291385714671955
B,6.357121634177462
C,2.102474674715782
D,3.070509123761144
A,2.9368218662974637
B,4.824925917277455
C,2.9055475238786697
D,4.435294055814953
A,6.348757792229846
B,8.297464144637663
C,0.3665368885597528
D,3.559240293058613
A,8.373382980468502
B,-0.5263487435609049
C,7.336359568322904
D,2.9516767180954764
A,5.787793731603538
B,7.164694729917567
C,1.6852508718285117
D,4.829177191984524
A,0.875966738302649
B,4.327201512821528
C,3.6247356972836244
D,3.922709500983772
A,7.304383398847984
B,3.3390631567565054
C,4.190039811126482
D,0.9778188684088964
A,8.279517985975577
B,-3.4983436600225595
C,2.3739036671004254
D,5.598941515189588
A,1.630380231480773
B,1.7912047464278475
C,9.12876735544217
D,2.473450020437168
A,4.473131418710089
B,1.7567679258661424
C,3.8154068301191066
D,-0.8759318686071258
A,10.385274460071436
B,5.694796475741663
C,6.560882233767968
D,-0.6663095961189334
A,8.370525291574214
B,7.714608511948308
C,1.2582992464434186
D,2.062741094398888
A,0.45247228724775046
B,8.502725425475758
C,2.5051649153600586
D,0.3732546306175959
A,8.190842306198586
B,2.8023229035073545
C,0.4718550741297452
D,0.14107816894195313
A,1.5852279079799092
B,5.459763712674588
C,1.0985181860085085
D,-0.2841479496573056
A,5.100320529964845
B,3.6621973404701307
C,1.610565712331221
D,-0.8307613734908089
A,1.1002177840954888
B,-0.1466695213393434
C,2.691512864272861
D,2.771477911821105
A,1.8583441461872552
B,0.3781294621806133
C,2.142662940045004
D,2.3899405031659002
A,2.4621287159507537
B,-2.2413618759184795
C,2.40757956182907
D,0.5328553156768172
A,10.999303082018242
B,7.2859901912189455
C,2.207774546887018
D,0.6087513760255834
A,1.3129533635850783
B,0.3191094707142996
C,10.427431538260151
D,-0.0012801860549975785
A,6.265884210355366
B,1.5558950847575375
C,4.412399295852691
D,2.6505283264491384
A,1.7754621376695552
B,2.790798004984765
C,0.8029537488598282
D,-1.359524773346355
A,8.89064461475688
B,6.412814846326265
C,8.635028301288466
D,7.313960026001899
A,1.3005091675599458
B,3.0769125688822343
C,2.282930645608439
D,6.634117856191438
A,2.3310048137598516
B,4.460401555947376
C,0.5192658733501193
D,1.6776133573217344
A,4.367113852051517
B,1.9504958942080313
C,3.6272857986688103
D,0.24140913101844053
A,1.9362191787827694
B,9.000246993069858
C,6.42220256861533
D,7.907158847901197
A,2.403972086386702
B,1.501577013957703
C,2.6387092159892545
D,0.6671233189933505
A,1.6450340848356564
B,-1.3987790831743006
C,0.6035440709464867
D,5.595745912193136
A,0.9354423637452658
B,1.6584835611147386
C,4.972261751925826
D,6.367352332109159
A,0.8071880039182902
B,0.7574137081252008
C,2.1308026024711704
D,3.150411095603869
A,10.134906680588204
B,4.290308869557231
C,1.4171342746195945
D,7.1448667033216395
A,4.986844703230059
B,-1.0488519582935432
C,4.656474292524967
D,-0.28308529874635946
A,7.015512275305191
B,0.2896476949015865
C,6.003015663976061
D,3.9134566737453964
A,1.9113811783186923
B,0.9819947114259486
C,7.839596842811656
D,6.566240242648426
A,2.616141123167877
B,3.092242216994557
C,2.8829503886141072
D,0.510381099809254
A,7.535198810483346
B,3.789930888918161
C,0.6657349480713294
D,6.827092841980207
A,10.522478832907431
B,2.5160978946067325
C,2.1656621028983447
D,4.6845956269980364
A,8.064482082066403
B,4.600436312495628
C,4.224595698763529
D,3.002331975897933
A,11.202958748269102
B,0.20671767852056577
C,1.009066479153949
D,3.129851272668356
A,10.08336541882016
B,5.252932640040308
C,6.123776083977495
D,3.5039308550487913
A,-0.18513963371213205
B,0.6509190976711237
C,1.005012888855669
D,6.320959686695183
A,10.417822345806147
B,6.942018779663944
C,1.5565024740306246
D,-0.28208603924805353
A,8.34688461118983
B,3.40322969111388
C,15.489648476346794
D,6.425094741794258
A,3.734079541003553
B,7.964092983194081
C,0.8747389293748324
D,7.208432126474326
A,0.8145355189217514
B,-1.0609652566647831
C,3.4303656530817666
D,-0.14913609070311007
A,2.375078664439657
B,6.138752647819989
C,6.100683099144152
D,7.115829840417723
A,6.148935326843228
B,1.2316718301496068
C,16.692622097948824
D,0.21220815083995292
A,0.9840563744969668
B,8.771186143101655
C,3.663454275302637
D,1.1008456736624028
A,8.818609897517657
B,6.705464783435064
C,2.425720677594308
D,1.956136484560389
A,3.3592906265854845
B,5.2266791134944794
C,13.938441617331044
D,-0.9561008885439448
A,6.905665034865473
B,3.921512732121811
C,8.320609111049952
D,5.592022912859354
A,4.726769053208887
B,6.311409492392581
C,0.9616324516835989
D,-0.5362719806078151
A,4.514280111697973
B,-0.7253099041929221
C,9.325980929634385
D,2.1363753020936227
A,10.42930985684593
B,-1.8555774099950764
C,1.0599315892969863
D,5.766043564372827
A,5.182473125032108
B,-0.4298793712624005
C,3.961055700676817
D,0.8846059544565241
A,2.905776494307265
B,3.0390104695436304
C,1.0573261883556682
D,2.238807045342918
A,3.4742952405935563
B,-0.5062865011807647
C,1.6194574460412476
D,3.559314821072479
A,6.358373399982735
B,3.306024635340065
C,4.595742979746499
D,1.4128542283624768
A,1.755130510417829
B,1.844295282768129
C,1.0607282742343271
D,1.800544866365474
A,9.721738204111332
B,0.19890190844414457
C,2.6859197368475822
D,7.318640869200511
A,10.301652664629305
B,1.0103752612072996
C,0.4211419906147812
D,7.90893173890972
A,2.2501877605106086
B,4.363760411646077
C,0.7109470801276179
D,2.7738915644004
A,2.609273091496898
B,4.705136155778533
C,5.239126394602872
D,-0.5000963170377406
A,8.340589296024142
B,0.3608267643234644
C,1.4453966182173905
D,1.0050466933118773
A,1.71149830563541
B,1.5444973059379175
C,5.2837740171859835
D,-0.508931447933392
A,3.318811453354057
B,3.1404121687132154
C,2.287546262627762
D,4.075974099517362
A,5.046314412877251
B,3.7350629298785694
C,0.39350520122348315
D,1.7817372378030734
A,-0.3235761107265511
B,4.9937703952351296
C,0.6412671489553115
D,1.6099207008096852
A,5.367643151720376
B,6.034796942237026
C,1.9807930395536506
D,3.26784219928565
A,2.2430395730381316
B,0.5181245852883736
C,6.253436243910931
D,6.100702771800608
A,4.113506207616634
B,2.5984004759011
C,2.3801706192127514
D,1.4541746036436698
A,6.170755468898853
B,5.4715536742648005
C,4.241493461666186
D,-0.007395065689051128
A,2.6016171159481702
B,4.541941233944386
C,1.0776644905493113
D,0.4716948773390972
A,9.857517812248972
B,1.6661198427377504
C,1.5931274665580368
D,6.435847470190143
A,5.854864328686827
B,6.662000126269188
C,2.2359473509639405
D,5.127067839294076
A,2.333838501416706
B,3.789618214173559
C,4.626306797752745
D,2.271885244419512
A,5.734033509125834
B,3.3153186373228367
C,5.669903684105339
D,-0.689156132269889
A,6.2818429748976765
B,2.893328731527584
C,1.8293750781543758
D,5.261358343912122
A,2.5368161462210486
B,3.4351907466685088
C,3.2384520543089512
D,-1.043607034571885
A,2.669036043070092
B,-0.7430665124855782
C,0.30631406263722044
D,1.972996849327001
A,5.120947287194319
B,1.3782843888138903
C,2.174096675512802
D,0.7034392142882586
A,0.9766472651271163
B,1.5496968718812818
C,4.721348848573818
D,2.258279486509461
A,8.149907197962468
B,6.643565079474585
C,2.0127575359487153
D,5.763924175236405
A,3.3264816956771366
B,7.699495510000952
C,2.3008677185516886
D,5.737032121096649
A,3.4178993250291407
B,0.41276092154142097
C,0.29142633967965587
D,6.72369945321506
A,10.241375888793065
B,5.8533122713956605
C,2.450183419563293
D,1.4822378995013854
A,0.8527620611008364
B,2.946184803997095
C,4.78381685666468
D,3.4033641771914187
A,0.8355484211388784
B,5.250928049095399
C,0.9880417135819648
D,-1.4186377989828045
A,10.500017250036848
B,5.209922743787996
C,1.9228918155641606
D,4.247959767492138
A,2.8970636332614
B,1.5220109888101117
C,5.779633862517049
D,4.8113855904376965
A,9.211776160864435
B,2.3545421426369386
C,3.5278957464772494
D,8.018170184009582
A,9.224448730824017
B,2.4833243689361315
C,3.2655025438736662
D,6.969112749404362
A,3.9727763753588157
B,3.5927028358448476
C,0.9642224491371688
D,7.846676881276112
A,1.8801972283670847
B,0.7786044127149436
C,5.645119358514329
D,7.217092571505569
A,10.342384126079233
B,-1.4448177478677096
C,4.77723174395882
D,3.204731453595059
A,2.528405150463379
B,0.7731881068126873
C,0.9862131161284279
D,2.471900214783081
A,2.974765067766922
B,5.7329839889215695
C,1.0818842417745853
D,2.3058533831649086
A,1.1753114666342297
B,3.3446526719546013
C,18.721264116160214
D,-0.4109688294648266
A,-1.0820386890173275
B,3.342400979452065
C,1.4864287736195416
D,1.4348310764632441
A,8.555004839214412
B,5.125277628015338
C,4.394362606262645
D,-0.8748946149612643
A,2.753984302776201
B,6.207295826548526
C,5.574110725193016
D,0.7901370197321613
A,2.5886992945771294
B,1.7366148900267995
C,3.415831687903316
D,3.6500513462586515
A,-0.22599104675035653
B,4.585005650345875
C,4.642292644599056
D,0.0337992826245348
A,10.059940150816097
B,0.7542082963639172
C,0.1641269560398895
D,7.51973620840505
A,9.106182495561745
B,6.9181143611534655
C,3.0204304317049346
D,1.8428377464668473
A,5.310702383047877
B,1.364161417755071
C,0.4101393295960656
D,3.862567111245462
A,12.38076023920197
B,6.831557379350435
C,4.408351327494682
D,4.458484965641768
A,7.168252308877023
B,5.151682876707331
C,7.671908214869791
D,2.014555507621652
A,2.900427927940393
B,5.218868718803359
C,3.579220131991336
D,0.622972507186383
A,2.08183275989777
B,3.7185663822420687
C,4.342741566750147
D,6.950724221559298
A,1.5498854717037922
B,0.5585608974170331
C,1.1243727934235312
D,3.5643955263979983
A,6.414354444529729
B,7.439727595545434
C,0.6407502848468704
D,3.4095735166720136
A,0.7773796864159779
B,6.434011869589277
C,0.45043630253132805
D,1.8417998890293532
A,10.103710027340242
B,1.8844330051704072
C,2.2249950610581126
D,0.10642078415767631
A,0.3803368556198712
B,6.789173715540291
C,1.5229167419038012
D,6.329412935036991
A,10.277278419164947
B,0.7185546542033814
C,2.931675568112111
D,6.593688473860006
A,6.54660880173571
B,1.8705542403789501
C,5.7242656047901646
D,5.9223356233507465
A,0.3399216238226248
B,2.894357626328178
C,2.1642036443778365
D,4.819222293725736
A,1.2804461582203417
B,3.217467514991512
C,2.284702794191595
D,2.9526524744454123
A,3.1087267996513486
B,5.215983470412847
C,0.052917742756714375
D,0.5094940180875129
A,2.959952225109154
B,1.5249438429869984
C,3.1701462459616927
D,3.016039542022323
A,2.213987463862699
B,5.102137246093457
C,7.511708473335642
D,7.4804752053719845
A,5.250112899157513
B,1.5554845041996028
C,2.97925862250226
D,4.571393095274241
A,3.7497470135424638
B,2.3944788613114643
C,5.100012528927294
D,2.439276002162604
A,5.548239908943897
B,4.60949241268693
C,1.020227524161809
D,0.1875182723782618
A,5.225420582024853
B,4.968070426865638
C,0.9914341914521793
D,1.3155503085487061
A,11.219783977956284
B,6.03384884398151
C,3.953149000261968
D,8.014058423369875
A,3.9434642697471283
B,5.73365237442348
C,0.14527293572944258
D,0.4204518731074871
A,8.30767505537598
B,0.34541323425339554
C,4.953055367431183
D,0.2675020065531193
A,10.371458260826056
B,-5.421890782281261
C,5.162403115894098
D,-0.005647728484184489
A,8.931776112733044
B,4.850841553948999
C,1.361853168727508
D,7.71257541040068
A,12.336713031022466
B,0.4167850883160411
C,1.1086507018882594
D,7.825630748905743
A,0.43442350052650847
B,-0.7503640697466016
C,4.595719566829451
D,7.035898220169566
A,2.363454145992198
B,3.8161567869771678
C,4.354036268025236
D,2.917541979821019
A,3.1484485163462663
B,5.483765636725741
C,0.13566385197282846
D,3.3269651226323456
A,2.0041506777389437
B,5.618472659638614
C,2.7667401974879318
D,5.6483808998911
A,10.042874733463641
B,5.49415258203767
C,2.988116112032535
D,3.0565266915591485
A,2.5994859436421227
B,5.512270458915636
C,2.087523808604288
D,0.4368891767309042
A,2.1878691970097655
B,-2.2500907209732794
C,2.2525677071179286
D,1.3336727543662885
A,1.4259426481196111
B,4.613873100933853
C,1.2605582877299424
D,6.73341080876439
A,6.5975514079848
B,0.9746070427363738
C,9.078180369466867
D,7.011388528784938
A,9.484331461278002
B,1.1254163716301675
C,1.6260296060269996
D,5.87071172946709
A,3.6645797148277035
B,3.812683815975333
C,0.43356045028661633
D,-0.33899841881190773
A,2.940002547399947
B,6.104702526669525
C,6.999693047630374
D,0.2539972137853872
A,0.9672488408608486
B,6.826667901074817
C,6.682911836202446
D,-1.156547681738179
A,13.487544454008122
B,4.348067370382627
C,2.87365207003108
D,3.5204538568312804
A,2.496403292199581
B,0.11281674863332691
C,6.041820190037139
D,-1.0188614574502075
A,1.8877506603890992
B,0.2340339225206356
C,1.0025519206941957
D,-0.7229892721512692
A,5.078487394450983
B,0.5822271630528011
C,6.0782624923082365
D,0.4846473550651904
A,5.6756990275492765
B,1.5984673086566195
C,3.4233456251639613
D,6.755914024520447
A,0.6739544599279172
B,0.7160800801452756
C,0.7156440622005128
D,3.2990938481676944
A,2.95406755078655
B,8.159161956211701
C,10.021673641295207
D,-1.508665962534257
A,3.8170191822809763
B,3.0590380121163294
C,5.566568733521542
D,5.225378818699541
A,10.030347025096336
B,6.283927026266298
C,2.1942578190743705
D,4.431051319352516
A,9.799156243325415
B,5.511870792654536
C,0.5922352690998555
D,6.170994165390037
A,3.526440040298291
B,5.79263980839454
C,6.0820671588492345
D,1.7515248261342173
A,1.544859125892012
B,4.596666578011335
C,7.5566719523210075
D,7.532384893961799
A,1.0644006791536174
B,0.8653489554240688
C,14.512601756116863
D,1.6950650264156022
A,12.597680407491755
B,6.296584329448811
C,1.4542281542842586
D,0.6336876775064475
A,2.8348783829565605
B,3.248061935515002
C,2.645620622492377
D,2.544645044111605
A,2.1575750557342173
B,6.073901280071652
C,0.37486297637621935
D,6.6254375106352335
A,4.47883342110461
B,8.166385033769856
C,1.0810228579143022
D,-1.5377882574816737
A,0.3633574589579136
B,5.220423778116465
C,6.190456735042627
D,5.774081603098932
A,0.7470969772658136
B,6.0220654499852815
C,0.3628731424662193
D,-0.2063364766395095
A,13.705471965997198
B,2.9368787164211723
C,4.708068149423948
D,-0.38522123105718986
A,1.4929489217267686
B,1.5971787383429064
C,0.7089228436131296
D,2.4407972954340345
A,3.2625159977498956
B,3.0662101767228314
C,0.49142355163408497
D,4.393751319729284
A,5.547884637834192
B,6.950679165105132
C,0.13846484322155211
D,2.4130186090618637
A,1.693560569219624
B,1.170008272798365
C,1.828579083685365
D,-0.9783036710011483
A,1.4780839616475405
B,3.8941581712550115
C,3.7945140101509445
D,0.9284072022158574
A,5.567230431406077
B,-0.6213167045718033
C,3.8114610436740404
D,-0.782279246752618
A,1.7204297772980002
B,9.905020778595837
C,0.5380480569878182
D,7.447304999631891
A,2.0160028709603584
B,3.3940966149469998
C,4.204670036643589
D,3.696195895927005
A,1.1210224905767374
B,4.926068737458715
C,0.8074258270495461
D,-0.8568534014809368
A,0.2596329708186671
B,2.779859587467054
C,1.101827506793418
D,2.6705026615834573
A,2.646084976477202
B,3.310783582679815
C,1.4743255149686185
D,3.971280195009423
A,1.8985058945167927
B,2.6046896506845485
C,1.73269934225496
D,7.26170124968896
A,1.0687252312273143
B,4.475135023290546
C,2.2643702863775483
D,1.6145908390062766
A,2.6960350678589693
B,4.634334868211272
C,0.043173266458781216
D,6.755522029574889
A,0.8207855504881418
B,8.89760348165466
C,5.207712583002671
D,2.991413822012272
A,2.7405707434870927
B,10.325133819022385
C,5.3875701348606935
D,1.5870073853041502
A,1.8970755200567464
B,5.873694167049544
C,1.3578278252910232
D,4.337305778438263
A,8.217367191551215
B,3.4305628569946003
C,4.891202993748093
D,1.1251848609987452
A,0.6472150050293011
B,5.8747720270642265
C,4.830712594626544
D,-1.2663767289779906
A,1.902826144094672
B,4.352724401796296
C,1.3961399458680912
D,0.8940282100995738
A,9.865747584493956
B,8.279536822874942
C,0.9522742263648583
D,0.27842626097053613
A,1.022085233643395
B,4.009333231395751
C,1.3016015105847072
D,6.872288933389221
A,3.439123567440888
B,8.49387767236194
C,1.6004875745607328
D,5.888530881802493
A,1.173492796331238
B,4.841195771449142
C,3.2092842785034428
D,1.0392772376645918
A,4.0094754399156205
B,1.464013854534667
C,4.094730218057166
D,5.927340995606889
A,1.8540597930065301
B,1.4425745070429146
C,2.057789971149444
D,4.229610521883447
A,2.3258921338548446
B,8.679215030320908
C,5.786309940801137
D,3.2956527859824165
A,2.9597923379178877
B,1.5976371617219596
C,3.5756576863855902
D,-1.1851906466347615
A,3.591741619950639
B,6.102219177898224
C,2.669288300113224
D,5.504697754491456
A,1.92755180490348
B,-1.1328879893276902
C,3.9059646732504505
D,7.972641519696731
A,3.433379958944197
B,3.2425018264528096
C,4.08474355024141
D,0.5594872183646848
A,2.3844965562628704
B,-3.5351959139471383
C,5.46745009062695
D,0.1769349097716213
A,4.992071626013301
B,0.8940114244628834
C,0.40376646327517024
D,3.0898346601871793
A,1.907268990529253
B,1.5209327138695055
C,1.8326023996894347
D,3.544263485361742
A,1.3496892188269545
B,3.170781864691797
C,1.705971379739597
D,2.959678676917128
A,3.0059564083166475
B,1.2159157615341574
C,2.808669057351942
D,7.130932355296263
A,4.899196996285621
B,0.893067183136901
C,7.285002236510278
D,1.5704653685577608
A,0.9453520436389538
B,2.8752557877145772
C,3.4824367318792033
D,7.349409652496272
A,6.309913379435285
B,4.691153576981474
C,0.327591677371017
D,5.274715916625939
A,9.481740203612336
B,3.889644803498448
C,1.3515443753570866
D,5.438413126649334
A,2.2305310867696235
B,1.6782577726425427
C,10.183327794825374
D,5.105676859159605
A,11.406607499994493
B,0.7923946516145528
C,0.48160668446732774
D,2.0729741751167308
A,4.113051705576524
B,3.1602313489498055
C,1.2534837356134703
D,4.138706954387683
A,4.185241286575094
B,5.1900436364656954
C,0.9726641697874598
D,3.949927493028201
A,1.6897413494602918
B,-2.9516347891827452
C,5.5508379312210625
D,-0.0604713892902935
A,2.244257587090774
B,-1.508833640834009
C,2.234688380470755
D,7.085675661097445
A,0.32567642793122986
B,4.631955990252385
C,1.729765779468337
D,-0.5221890305165633
A,6.054430588087381
B,3.883176188503969
C,1.7629856896443237
D,2.0824476479440928
A,1.0198686014281382
B,2.210838327926896
C,7.56839094083838
D,1.3751186981807013
A,3.999419349644364
B,1.327715082005569
C,1.4533400531361795
D,-1.5340301174748674
A,1.817396366523322
B,7.886902455661215
C,1.3787171913125722
D,6.662008932785378
A,0.6417369012923664
B,8.225762144281534
C,2.3020645683827596
D,-1.0716686420492945
A,2.2579547165306235
B,2.8947661091923886
C,3.1597594518137546
D,0.6108186981968768
A,2.0896636245293587
B,4.4768235980346995
C,4.202618259782181
D,6.276468155269867
A,8.832874521753393
B,5.710172202649335
C,6.212868985637903
D,6.690340330018147
A,1.6419325751720408
B,5.5437067886786
C,6.18671719101368
D,6.975975185695159
A,5.449625668569885
B,-2.2904139856185353
C,3.7585050483745506
D,4.1518431681438805
A,1.2249003662352096
B,8.188093664146091
C,0.1883203351058815
D,1.7750209190873951
A,8.337042456018995
B,3.4842503129292237
C,2.3167583261474367
D,4.279134233913397
A,4.105242195613043
B,4.190608645486993
C,2.224948129900989
D,1.9495850635758742
A,1.6014530008445007
B,0.09961751316361633
C,1.5735021305108887
D,3.6031558631729395
A,3.5932949652275283
B,-1.153363102687977
C,1.306935520325012
D,3.1562062899310463
A,9.15516507461673
B,5.031561808493452
C,3.1782482875567224
D,7.343742730347069
A,6.3865832498688935
B,1.1898127003789067
C,1.219281890141748
D,6.562795736614577
A,1.1134150237202751
B,1.2602744292209955
C,2.91628542148754
D,0.2963159808939473
A,2.376932323698397
B,2.755429307305377
C,0.7826241071885243
D,6.283353043664341
A,5.13910425438154
B,2.3402003683655463
C,2.4555570018087347
D,7.635217673377285
A,5.265340300315155
B,1.5957875146206675
C,5.927602859053174
D,5.503629857302101
A,6.664703751990186
B,4.9467209136178925
C,2.4643353289612056
D,0.8148846385640636
A,3.9567793572375902
B,5.3054231075814835
C,2.7129708830245653
D,6.71666304219222
A,6.499851955483848
B,4.026223725266003
C,1.549856839656342
D,6.087886887395696
A,4.843292088102558
B,-0.6480929692253787
C,6.4504268947181185
D,0.8650699809926259
A,9.55950919704265
B,-2.61779355077069
C,1.748375334658199
D,7.991207562281817
A,9.005393022398959
B,3.130046442980573
C,1.5067899603082877
D,-0.9853564939750715
A,2.240829315188259
B,6.348122517968459
C,0.788738396663723
D,5.953223163515603
A,2.8588712972639385
B,1.2903733466078955
C,1.252114080699617
D,0.8525272385047664
A,3.4933324270189665
B,0.8079247814485191
C,1.2404556277476795
D,3.8363964494583653
A,1.9371004853271696
B,3.3528448274650446
C,5.385966635224465
D,3.0985303912486906
A,7.771840687367899
B,10.200113841329873
C,1.3145194467553796
D,7.39777538386153
A,3.5787749748436704
B,2.1849365460895904
C,5.3056267507880195
D,6.529358279280245
A,6.54634871061763
B,3.3324131967287123
C,2.4196469947844337
D,4.559141478749029
A,7.349141371058324
B,4.691616825837641
C,0.8323496484715127
D,1.0768953035386182
A,9.63301995054427
B,3.853176860978267
C,0.8045866949371459
D,1.0606503925283062
A,6.830642055561266
B,3.590970072117148
C,2.3851602145939292
D,-0.9827312750439343
A,2.303394768381393
B,4.215689903150398
C,0.6906315677020152
D,7.749581285229489
A,2.38290710327732
B,-1.2704779960818149
C,9.770608681641225
D,1.5870738359277294
A,1.0844766671077417
B,3.3195323555720724
C,3.5686130691578994
D,4.031037857664421
A,7.874059938591114
B,2.1577501955149216
C,2.301125562040836
D,7.619102181749051
A,3.0237279886072383
B,4.148969626924839
C,2.7694294729690516
D,7.317972594857675
A,5.4392558757331075
B,6.002592188610228
C,0.8123974524564412
D,7.316996259315024
A,9.050369610702944
B,6.64288159309752
C,1.6078034600622435
D,0.9975916422423539
A,0.761233615659469
B,3.5604097485840023
C,6.1382049520232185
D,2.1470682193376236
A,3.1187177897861007
B,3.928664957357406
C,5.27019288713999
D,-1.3123913807034921
A,1.764870292514714
B,2.5090763729774617
C,3.8066916417622862
D,7.2234995811853935
A,10.760464036689543
B,1.6142016600484583
C,2.56528533295517
D,5.688350561982168
A,3.681923872513164
B,0.28452833314649517
C,0.28721367635563405
D,4.59051027886168
A,6.749080528193604
B,-0.21877538607475078
C,1.3042654220318217
D,1.394717584496464
A,3.5778318778333764
B,4.292866546694574
C,1.9290139249490974
D,7.653951286030576
A,13.110553103136843
B,4.4164764472212426
C,2.429825989385133
D,4.837917570082878
A,3.900810363012112
B,6.631044302871613
C,0.644186931193522
D,7.610459957807526
A,1.9067827539569064
B,5.754038224128928
C,0.17322102207525358
D,4.710182909782123
A,0.6340933174089622
B,3.399825006942449
C,0.8357182435297222
D,0.03954164071131827
A,2.891509696886715
B,-3.760896687860228
C,0.6512376987307797
D,-1.2593865102513198
A,0.287768344955075
B,3.391481146331024
C,0.4064618524057394
D,1.376686112187811
A,1.2641068791806236
B,0.4456645746447112
C,0.5043581843394204
D,-1.0252678163768274
A,9.158308019267016
B,4.508329895017188
C,2.140703830467258
D,-0.6230676114775462
A,10.135660998480438
B,5.919814954444924
C,0.7915599529134044
D,7.474854685727889
A,0.5757404278120204
B,1.4706686821260782
C,0.9925336494920599
D,2.332844562000636
A,1.3293505867772946
B,4.901779887600164
C,1.9352157751091645
D,5.721487366863647
A,3.8698935915136365
B,7.095928568424807
C,1.1585584180495512
D,1.5752768163590631
A,4.838483785717422
B,3.76537310619155
C,2.993154926422026
D,6.04485321981266
A,1.4480043580410555
B,2.275245244354232
C,0.7225350173064595
D,7.814743770794719
A,10.070220412724698
B,5.18768082986759
C,6.968455075538154
D,2.240685704991637
A,2.0170562765971463
B,-2.42903128503697
C,0.6395736399325888
D,0.8966848888110412
A,7.373846355785055
B,5.7930805372531555
C,1.7482080196638348
D,2.3751049133868625
A,1.3235988887448356
B,6.229134745937524
C,3.719398001980307
D,4.248497956045837
A,1.0164683070299376
B,4.046946985494365
C,4.519679718315308
D,4.545311571022257
A,12.495856482465953
B,6.007546744373699
C,4.89999679106896
D,3.654083216320287
A,1.7335514063901218
B,0.6014596928939966
C,1.8244633125667769
D,4.578078555764956
A,2.10046633275566
B,1.9146075322495562
C,4.491748343637808
D,2.463861467160874
A,7.277007664244966
B,3.36063001090922
C,3.0691643747849224
D,0.9030529024964524
A,1.6937765499824797
B,5.623029680268372
C,4.709839528768509
D,6.987234327551006
A,1.1323681170010302
B,0.5482857463625961
C,7.003762597528867
D,6.3752483299717975
A,0.7937952417009122
B,6.625562447566791
C,4.944339728843852
D,-1.0745292793380319
A,1.6364060802711315
B,3.9715334820850274
C,3.2409234822678683
D,3.9125810528833505
A,0.36644204118434853
B,6.86020362029258
C,9.17810462842734
D,1.4592839913080087
A,3.8467752723668966
B,3.3650343431414567
C,0.413557211462045
D,-0.5841772850728745
A,2.067961458557766
B,0.9840117034232803
C,2.232017798912321
D,7.404682842881742
A,2.153271976042054
B,9.272590149533471
C,7.456808050321581
D,4.919268594882576
A,3.6534054803466263
B,6.640296075659618
C,1.1650532797888653
D,3.3455600331662714
A,1.034077475022706
B,5.513787745943776
C,4.586561000420372
D,0.15071267076149786
A,5.43497491307875
B,7.500628722017181
C,0.3458121447274178
D,1.0722661672664198
A,1.7659337929693455
B,4.607335253891858
C,7.862490456552748
D,-0.9206825518737383
A,2.103546088356633
B,3.444865622595189
C,2.335053612861271
D,6.499520155808252
A,1.9845485107190068
B,2.895325023102458
C,1.6281255058074093
D,3.262347990614856
A,5.645569637309885
B,6.422165204669476
C,2.36656404514868
D,3.4981644481649035
A,7.941179217434481
B,3.3506995259414656
C,2.9639310258701617
D,7.506526081607944
A,-0.26344995100463686
B,-1.5404103916675664
C,3.6263522518501365
D,4.604423210174217
A,3.2132441709637796
B,-2.3838640377747264
C,3.1307660435715507
D,4.635089306403374
A,1.688736863583977
B,2.921439705745685
C,1.4349935915697847
D,-1.2607627660637737
A,3.7576349242752225
B,0.6444861028208972
C,3.2537352340125776
D,1.2698052475509516
A,2.692213351327547
B,4.7030380966099425
C,1.8993587645082959
D,3.00792138238282
A,0.7843916286373174
B,-1.5481217949892985
C,0.4526478198178175
D,4.477040354658933
A,2.914521686050426
B,0.47330042908401415
C,4.821428808233194
D,7.650263082984962
A,6.217608541027486
B,4.90214018415052
C,3.7771244143725324
D,7.140916226608361
A,1.9077128800031478
B,6.533103491284531
C,2.4078619105292174
D,8.04659105421726
A,2.586444966330192
B,3.3322856865817587
C,0.591872213727784
D,1.145384542351724
A,1.7013190664509057
B,4.129703826541735
C,0.8561401407550985
D,6.783318279574775
A,1.280520872396502
B,1.6730548570406192
C,5.92051713193605
D,0.8630407558370923
A,1.2709754067916248
B,1.0400066707991846
C,1.272571029114809
D,0.4702332476260409
A,2.7636310163988966
B,6.388221175350219
C,8.124871081041507
D,4.726770606719926
A,0.9492400575073652
B,3.6280222967484104
C,0.2728998726713556
D,0.06831084949324273
A,2.095521894329561
B,7.029473033735463
C,8.401993949238735
D,6.254495734974406
A,1.2804076698947657
B,0.359258345249827
C,0.5805920775258726
D,2.6850928950418727
A,2.3292188652470136
B,2.752530205437112
C,4.054909653085105
D,-0.43604903685442253
A,0.902729011165827
B,1.4284503710953895
C,1.438636706554604
D,3.1929269246474936
A,11.115719378113226
B,-1.4420446921642123
C,2.3552465548898884
D,7.30210344127053
A,2.172491102773605
B,4.755687669770926
C,2.4381914093929384
D,-0.8037861191003283
A,7.097155077530033
B,-0.05258014092687047
C,5.935562572334276
D,7.319923331573484
A,6.847100145060668
B,4.859750280409432
C,6.285528091131921
D,7.978706544032045
A,8.61735348476098
B,2.1826502926202416
C,0.3739803698999935
D,2.0765030509680598
A,2.1520976079811094
B,0.9069232056831771
C,0.6308494801400555
D,3.977164354679285
A,3.503595274256834
B,4.584634486295457
C,2.0421036458081163
D,7.756073939398018
A,1.7921109122908196
B,6.728654578848749
C,0.9809471188850662
D,4.210186513750909
A,2.455315447560494
B,0.8164305886666843
C,1.0310070679282455
D,-1.0377795530462137
A,1.2070848219864097
B,6.979524712350047
C,1.6670625958511514
D,1.1436424872055113
A,9.727387911765346
B,1.6981305124042647
C,4.699218647380316
D,5.9225583151224885
A,10.598833681287843
B,4.379969893594712
C,1.2359880072627567
D,6.148108863579995
A,8.194737398315182
B,6.513344000141696
C,2.550110546712513
D,2.6044646938046307
A,2.971368381895289
B,5.170753180508308
C,5.1523118110634085
D,7.351071964657924
A,2.9330238970217346
B,1.0612372457688672
C,7.266957251212678
D,-1.335691482892687
A,2.0935276222010097
B,0.5373553697290165
C,3.973028621368656
D,7.069521634145451
A,8.176310874677304
B,7.282827138206593
C,2.925033129049072
D,3.6170590980391086
A,0.76253115099436
B,0.9679307933229446
C,5.801892202304186
D,3.654400267306632
A,0.8492806553915808
B,3.535406197972514
C,0.9113365844718725
D,3.353248154514824
A,2.1095463868501736
B,5.996487059033664
C,3.8244510404486314
D,6.431021544807247
A,3.530574094757746
B,0.40670678178368025
C,0.13232261366961384
D,5.564530929117055
A,5.4656244499694715
B,-1.365114961179934
C,0.6233515928244937
D,5.963891056950826
A,2.380579245815121
B,-3.608953360745076
C,2.048404975970362
D,3.4727091273965467
A,3.763141224380009
B,2.374256493658325
C,4.009812708055098
D,3.006622859152417
A,3.891577111372463
B,5.083725634494664
C,9.969117606379985
D,7.795332077775223
A,1.3581065200802667
B,5.032515906267875
C,0.6543807968685558
D,2.085873423019736
A,10.39076568634956
B,6.186986585952173
C,4.724888444364312
D,7.879384405960579
A,2.148633621311988
B,3.971585833329792
C,0.6750466956829595
D,-0.5175564101430175
A,3.512215838415824
B,1.1262728480131452
C,0.6124243778308569
D,4.314624607397919
A,2.44582879749999
B,8.443081211367172
C,0.42461909951831145
D,5.550283834916049
A,1.1171544765109798
B,-1.3876394640277194
C,3.6806789290175836
D,3.3365973837140537
A,10.899004631929174
B,-1.101076374030896
C,0.8951663798194059
D,-1.2740622719126442
A,14.693845379935546
B,3.0881882186973972
C,4.312494310318654
D,-0.5317987858242277
A,0.9968891868789791
B,1.464889150530813
C,1.4970632965425403
D,6.050556988905316
A,9.32732054925508
B,-0.6985867774099175
C,6.1536490601062885
D,2.862441033298243
A,7.442864015863837
B,4.004036941976501
C,2.708601665391264
D,4.927623919402883
A,11.039993828860563
B,0.18312039691596071
C,0.3690164169756139
D,5.215465772145962
A,8.366062996804791
B,2.890190807785377
C,1.4575406516928995
D,1.377591842125942
A,0.09104048037252732
B,5.66822360486559
C,7.142280988494319
D,7.542502042213627
A,1.8624888299653923
B,1.3065826474903828
C,1.4847804682143615
D,2.840719090370955
A,1.28726096073138
B,1.589343848949991
C,10.62184874213137
D,4.955403180495238
A,2.356419285285275
B,2.939759903834573
C,0.10634777325458994
D,7.157385676545557
A,8.833091911923521
B,4.674793732754091
C,3.8250964782301344
D,-1.4953763297967144
A,7.867206752110978
B,0.15328121323072708
C,3.434813335842387
D,6.877090362721951
A,0.9431103483648018
B,6.194924410174549
C,4.692691910113935
D,6.852427992559795
A,2.0610057457705366
B,4.942616851117016
C,3.0895970149166683
D,3.548500501457525
A,6.915080870557249
B,1.218869173304724
C,3.795033795076744
D,4.024689317377298
A,6.596655620492729
B,0.5697928109940458
C,0.5029824869354536
D,0.6906397082904494
A,1.0285916497484013
B,8.033308215505514
C,0.22930934466101585
D,2.692090493444055
A,4.638714035021144
B,3.051737225937391
C,4.5508457172190955
D,1.4271586358070207
A,0.5797520720797202
B,7.15910772993551
C,3.5255805403889293
D,5.745335304855073
A,7.701389432021071
B,-0.20250815532427469
C,0.09617839537392195
D,5.874607502658444
A,4.2168939258669305
B,2.9064056467268453
C,3.0091080571050877
D,-1.1615639378975675
A,6.264975336968219
B,6.1486447514396625
C,5.142206543776669
D,-0.35073037200521906
A,10.404709247536191
B,6.1951348188234645
C,1.177574258839937
D,3.102066622176613
A,2.0335829861929566
B,2.549483992612035
C,6.102078316371897
D,0.6732275964935863
A,5.364999590260655
B,2.2271247146180144
C,3.0415068911526473
D,0.3598377678017113
A,1.2170523350053988
B,6.473798027831721
C,1.0854375926371629
D,0.999724079986839
A,1.004447150092322
B,1.2106673963983243
C,9.575032545322687
D,6.397823133052842
A,-0.46593869066303517
B,6.378227703269218
C,5.141391829303679
D,3.1595448730223934
A,0.12381913245190201
B,-3.0012715067869724
C,5.238026365597458
D,1.5128885341922134
A,2.5182940409571843
B,10.048202829282488
C,1.7968886942043598
D,3.3474863364473437
A,5.662242079452856
B,6.161324227326669
C,5.156731536523636
D,0.2151674946430493
A,10.187134949892247
B,1.266467556866999
C,0.7586997028740252
D,6.108293962229455
A,1.4339650358921716
B,4.974215886305629
C,2.8957186381271542
D,3.601122306371508
A,3.7881884095084697
B,-0.49566899396651065
C,2.772760328421534
D,5.11022678244212
A,2.2647760333472133
B,-2.0244009204345232
C,3.654194831645405
D,1.3917513149797136
A,2.4393375347104667
B,6.102033112919972
C,1.4560953161767625
D,6.965552682124539
A,10.988032669884229
B,0.2972168398170605
C,2.6743185829295273
D,4.690346096019086
A,-0.3407318473498524
B,7.283589034304033
C,1.9694005496778177
D,5.388083766498775
A,2.634952817376479
B,8.119872613836403
C,2.0133357334185624
D,5.987334660284732
A,0.27396606500154963
B,3.4229279632034486
C,15.603491499275501
D,5.51686793517927
A,2.142630897420091
B,4.915367493492839
C,5.37327964945959
D,6.465432213621595
A,8.948217813990622
B,2.57717371604207
C,2.8872751219783352
D,-1.0481076124241495
A,2.380426571877864
B,3.094955256731526
C,1.6239327180865608
D,2.6798630352929482
A,11.094113367443427
B,5.411740626354357
C,15.272086283624521
D,-0.8687286746814699
A,9.730224040939444
B,6.859365800123678
C,3.7833369534602577
D,6.6992599872698495
A,1.4920971071168037
B,7.239043074834472
C,0.46840183523023615
D,6.228786106115407
A,3.2952868958847406
B,3.149474755049926
C,9.113859406063803
D,6.384679986874195
A,5.2574552493921205
B,9.236793908326138
C,1.2849216800874461
D,5.306611931938429
A,7.76164070109201
B,3.321050554045722
C,4.199812041294498
D,6.99678599363107
A,6.15794773809616
B,2.037466965859116
C,2.568304786140489
D,0.6878467448624139
A,6.652021206156859
B,1.3035074503519515
C,2.593939187452696
D,5.890014894295001
A,2.1466308948992023
B,3.2742732470776432
C,0.4767189775332112
D,-0.13545393302513165
A,4.702697347940407
B,0.6940302882368248
C,5.236885780665107
D,6.427557171792415
A,7.598529795721677
B,1.65572587136086
C,0.7991038589501628
D,1.77492465010222
A,4.888097538223985
B,4.117358093151032
C,4.516142959418529
D,0.05010059000960898
A,8.305242953150264
B,7.3653813760377025
C,1.7820608786012195
D,2.230838918979087
A,1.8291826944936302
B,7.901467851113825
C,2.2773240848031095
D,2.9863861631360864
A,1.1477229331491274
B,7.986352262795438
C,0.38011203628880996
D,5.500099158894547
A,1.806206677213686
B,1.990638888797572
C,1.5741227784433869
D,-0.8214003400830525
A,8.871892670632706
B,5.332635309502033
C,1.3406787052045521
D,6.121118205794084
A,2.766927425418557
B,4.846759829325467
C,0.2711099185508692
D,3.3724784394563985
A,9.369932981778888
B,9.08271753419281
C,5.663107493177723
D,-1.5451872520887617
A,2.577352147083023
B,3.148237900871012
C,0.7623804837359217
D,5.293710470132771
A,6.816189147449189
B,5.610598517894395
C,5.954902705590759
D,3.9701529249761833
A,3.2421562185531903
B,-0.13580693205517935
C,0.025423775959839325
D,6.778804747037592
A,1.7055004831631848
B,6.607151302815181
C,1.6004824557245516
D,7.135107120474711
A,3.168365964839167
B,1.4523246876961609
C,0.724432393508908
D,1.8687982529855103
A,6.752711330930774
B,4.841788694422353
C,7.9934162804398
D,5.962483728231939
A,5.132483032153263
B,4.145651391215288
C,0.37245688152955636
D,3.580306589833249
A,1.4116424679094708
B,-0.32454872079069874
C,4.794479858113274
D,0.7638629463285009
A,2.446352746185002
B,6.871617294651967
C,2.79583651336445
D,7.49989342604991
A,1.8252458879864402
B,-0.4338671607182465
C,1.2048235653843815
D,-0.2384957674665218
A,8.955799012190203
B,2.496955650866731
C,8.343461314280841
D,-0.45409363604042396
A,4.6097505891059125
B,11.051563913957363
C,11.59687236807558
D,4.181225095729634
A,1.4045728593182543
B,7.682230710933722
C,5.541214673635269
D,7.009504549061054
A,2.124466099791813
B,2.579090402558238
C,2.1180160502526477
D,1.4693497032215244
A,2.441306521979263
B,4.351646865592267
C,1.7905273337463856
D,7.491341983298497
A,8.206398330567158
B,2.6805367670725184
C,1.6125415020825633
D,1.638145857550278
A,2.535509279313896
B,3.1387856564987344
C,3.8580920218221686
D,1.8189362745202526
A,2.590113518621057
B,5.150839735497947
C,1.1674147381666835
D,5.466532702596016
A,10.080817401550561
B,-0.6975475225856576
C,3.8677215468926285
D,-1.2749586699156517
A,10.631592737419096
B,5.383677042538073
C,20.348324196965176
D,0.6723246887222722
A,9.651521407157032
B,8.109587811264088
C,2.364437173494901
D,7.200171890191113
A,11.582244951972099
B,2.7971776644737556
C,3.792677004592864
D,6.799005720951918
A,8.890596064265454
B,1.0657521137084167
C,0.26802760631927364
D,6.653725320820916
A,3.792471749823421
B,4.3136635625442015
C,1.2266249990249438
D,1.962227601639297
A,6.3031990475709305
B,4.5368133496351
C,2.5633482379258226
D,-1.2724132163317283
A,9.427823351903895
B,7.231922326272498
C,0.9529228866620757
D,0.26039136941222996
A,0.8117923798580602
B,1.4193929317200922
C,1.297497316409576
D,4.199441603338535
A,7.865962149381013
B,3.862965660408687
C,0.8794181567473529
D,7.361103866476272
A,8.941686498619603
B,3.8375356244221326
C,1.153708130219782
D,7.202665205249417
A,3.166712008020294
B,4.106755584619721
C,11.175160643682874
D,-1.3533078126735951
A,10.678573441504422
B,8.699517019315255
C,1.2313586000445824
D,0.07979066377325816
A,0.9510110323720347
B,4.815248232073539
C,1.2809721718316303
D,7.751826303278294
A,5.108374262782183
B,2.2984503345482192
C,0.47112040018232126
D,6.797031872434166
A,7.5098959765629285
B,0.18654890164178362
C,0.6597362125141663
D,-0.10503303434176048
A,2.5698976664405078
B,2.2113949064841503
C,2.232170184654507
D,2.9962963495063386
A,0.16184835094270933
B,-0.18559396847809406
C,1.1106436141824707
D,2.3437888488826677
A,8.37135108311097
B,1.9448504842084593
C,1.148336169836979
D,3.2008138656356415
A,4.214348448971639
B,6.3856632606093156
C,0.9214389060456892
D,2.645838643293769
A,9.142951506812782
B,6.481721648087172
C,0.20637829238029512
D,3.471795114331721
A,1.5919911564281546
B,5.165563951349899
C,3.6658585053399166
D,6.886578852070846
A,15.105555340998952
B,1.0370530835118972
C,0.46168160807528097
D,0.3026955717248494
A,3.551367648790746
B,4.4329279296443564
C,2.478946163558873
D,2.282048991967795
A,0.16674778628469245
B,3.2905543148404575
C,0.3765028342918736
D,3.671410942645813
A,7.842208373030082
B,6.065528344248905
C,0.7850620450313054
D,3.665377818635096
A,4.7213931523936905
B,6.998716203333242
C,1.0296149740538403
D,-0.7045540823943222
A,2.570470252347716
B,4.417949955324251
C,5.9902084770878385
D,3.2137762701434296
A,0.6758626904416438
B,3.5444109311866585
C,2.332170284202332
D,3.8503279730806605
A,1.3088100591862049
B,0.7345886963404653
C,3.2970442277627665
D,6.829546695900916
A,2.9073346199965355
B,1.7478889441647278
C,0.22649206330281887
D,4.89073986065411
A,7.86688020733023
B,-1.5355813871577908
C,0.15269886014458936
D,7.885885698821985
A,5.600809501882793
B,4.437037980563035
C,18.699864148084075
D,4.347420386292703
A,4.2853576361097065
B,4.4495691654049025
C,1.6875320054691316
D,5.386033858125423
A,3.1922099591903663
B,2.221057777414341
C,0.5419245112975801
D,1.4417589414043768
A,11.46121306243006
B,-0.7720236667447615
C,5.578627499227352
D,-0.6736310213913385
A,4.705155137941422
B,0.8417931469828677
C,1.553767236253736
D,2.6439608311896006
A,9.482796457076585
B,1.2855368617483494
C,3.1335528071552647
D,4.825620293492641
A,3.200228110928676
B,2.1332990010156285
C,8.370280078062454
D,2.8915959710103376
A,2.012540609731613
B,5.874934697161614
C,2.1246039027855947
D,2.2572874702744827
A,0.7487093314027167
B,-1.5721065206083926
C,3.1176397926171937
D,0.8863939581459874
A,6.884173104413592
B,4.309126303777101
C,1.6593543852923052
D,1.197897796711469
A,10.345934059472
B,4.8367615785495985
C,5.944086564780168
D,1.852989601556231
A,3.415755245879555
B,-0.2575254741274793
C,0.9058567837932605
D,3.3726528256612562
A,10.162794692728308
B,1.4811279335254695
C,1.7121374612660212
D,4.241722264486274
A,2.0399916460845935
B,5.795347317606561
C,0.9286367861021682
D,-1.450347678752517
A,0.13274433233259564
B,6.635426094763739
C,5.316942828607561
D,4.54989508971847
A,6.50879511603879
B,5.65013915349633
C,5.146963128708959
D,3.3001957835512776
A,9.210001455261299
B,6.401198746182824
C,0.9523830594422262
D,0.9876467311444244
A,5.668086241148881
B,0.7057666350152467
C,1.21723226661727
D,4.696665542494573
A,1.8914896130889214
B,-1.2449257581678896
C,6.723987279681189
D,-0.7969288709450412
A,2.5114674492486095
B,2.1804797241445337
C,3.418538813330042
D,1.0122602970525345
A,1.1044082514004951
B,3.225455615850147
C,6.932029632476581
D,6.494901044713423
A,2.3127106649545266
B,4.599055543993665
C,1.0621290714905571
D,3.771914034535464
A,3.9816485543967284
B,5.642452063417213
C,5.977011137278239
D,1.247771848773116
A,11.60416827162196
B,6.691932505817475
C,0.18312340745782932
D,2.0735829513848256
A,10.436390003120088
B,4.980578359418024
C,5.8234292296007615
D,1.5877054511733988
A,2.3209245484267567
B,5.096834885310787
C,2.4527944210169856
D,-0.6773423116399757
A,6.776271329031094
B,4.005661082537577
C,3.775325862103528
D,4.985161938911507
A,8.042721844212306
B,8.608995167783654
C,1.1557108767649322
D,5.0758706024682265
A,1.0998442335034149
B,-1.9322833273115902
C,5.750045771200122
D,2.7027283761988654
A,1.5001276533247245
B,2.539148888511849
C,2.080883957275058
D,0.8039619405873002
A,4.415587979188758
B,3.1513867922732546
C,4.593520131552079
D,6.228797678788367
A,2.7792487866834583
B,1.54345918024339
C,5.986673964768645
D,-0.005529490428639372
A,0.745044608568737
B,8.339919496804827
C,2.504962712710908
D,-1.396523293098571
A,2.6959559853450346
B,3.0893956542858345
C,5.037542634348321
D,0.5453452778309154
A,0.996500669357836
B,-1.3763312463428248
C,6.477787332868217
D,4.299099834195429
A,5.824463965088975
B,4.978579080943446
C,3.73592684652085
D,5.13333668355821
A,1.8588051774343541
B,2.6510524885156963
C,2.8733141485881695
D,0.4517173823619003
A,0.011260549990951274
B,3.562593315605591
C,6.305501224012286
D,2.024298461599761
A,5.401310227139305
B,3.023316790657077
C,2.100044747054562
D,-0.5952540527841875
A,6.140791148010919
B,6.8185748558585715
C,6.529848883343948
D,6.508720909372704
A,4.88424793681156
B,1.9265481073185353
C,13.139574310370897
D,0.5803779839666259
A,8.537251158416767
B,5.351757638816146
C,1.6488548224205275
D,7.294804633585434
A,14.8670372199853
B,2.026778499850654
C,3.7204285484494304
D,7.299457109758636
A,2.0028168026315427
B,6.594091317925819
C,0.6301273128966278
D,-0.46507471395927635
A,2.415051406671437
B,1.273697104717741
C,7.582714895500505
D,2.3041237035109012
A,3.0062773248457018
B,-2.172278677240967
C,1.2079888683649331
D,2.372705868092549
A,10.936048868496956
B,7.246264871207197
C,1.641226022042348
D,-0.4016705277714452
A,1.1891861458832516
B,4.0234455505058415
C,7.021297927537136
D,-0.7390865963601551
A,3.3686625037278524
B,1.561011374537941
C,0.43875264320836693
D,7.749232503874712
