sim_id,layer_id,action_id,time,y
1,1,1,0.0102763,1428.26
1,1,2,9.31028,86.1325
1,1,3,12.9466,76.1949
1,2,1,12.9569,1428.26
1,2,2,22.2569,116.279
1,2,3,25.8933,103.012
1,3,1,25.9036,1428.26
1,3,2,35.2036,134.384
1,3,3,38.8399,119.764
1,4,1,38.8502,1428.26
1,4,2,48.1502,146.369
1,4,3,51.7866,131.268
1,5,1,51.7968,1428.26
1,5,2,61.0968,154.629
1,5,3,64.7332,139.444
1,6,1,64.7435,1428.26
1,6,2,74.0435,160.614
1,6,3,77.6798,145.502
1,7,1,77.6901,1428.26
1,7,2,86.9901,165.149
1,7,3,90.6265,150.193
1,8,1,90.6368,1428.26
1,8,2,99.9368,168.807
1,8,3,103.573,154.021
1,9,1,103.583,1428.26
1,9,2,112.883,171.93
1,9,3,116.52,157.304
1,10,1,116.53,1428.26
1,10,2,125.83,174.73
1,10,3,129.466,160.23
1,11,1,129.477,1428.26
1,11,2,138.777,177.258
1,11,3,142.413,162.879
1,12,1,142.423,1428.26
1,12,2,151.723,179.594
1,12,3,155.36,165.333
1,13,1,155.37,1428.26
1,13,2,164.67,181.811
1,13,3,168.306,167.644
1,14,1,168.317,1428.26
1,14,2,177.617,183.909
1,14,3,181.253,169.839
1,15,1,181.263,1428.26
1,15,2,190.563,185.918
1,15,3,194.2,171.927
1,16,1,194.21,1428.26
1,16,2,203.51,187.831
1,16,3,207.146,173.929
1,17,1,207.157,1428.26
1,17,2,216.457,189.675
1,17,3,220.093,175.854
1,18,1,220.103,1428.26
1,18,2,229.403,191.431
1,18,3,233.04,177.697
1,19,1,233.05,1428.26
1,19,2,242.35,193.136
1,19,3,245.986,179.481
1,20,1,245.996,1428.26
1,20,2,255.296,194.777
1,20,3,258.933,181.208
10,1,1,0.00768845,1294.83
10,1,2,9.30769,76.6578
10,1,3,12.9441,68.3349
10,2,1,12.9517,1294.83
10,2,2,22.2517,102.785
10,2,3,25.8881,91.7406
10,3,1,25.8958,1294.83
10,3,2,35.1958,118.489
10,3,3,38.8322,106.364
10,4,1,38.8398,1294.83
10,4,2,48.1398,128.398
10,4,3,51.7762,115.973
10,5,1,51.7839,1294.83
10,5,2,61.0839,135.025
10,5,3,64.7203,122.607
10,6,1,64.7279,1294.83
10,6,2,74.0279,139.777
10,6,3,77.6643,127.491
10,7,1,77.672,1294.83
10,7,2,86.972,143.521
10,7,3,90.6084,131.373
10,8,1,90.6161,1294.83
10,8,2,99.9161,146.659
10,8,3,103.552,134.647
10,9,1,103.56,1294.83
10,9,2,112.86,149.438
10,9,3,116.496,137.551
10,10,1,116.504,1294.83
10,10,2,125.804,152.002
10,10,3,129.441,140.207
10,11,1,129.448,1294.83
10,11,2,138.748,154.373
10,11,3,142.385,142.66
10,12,1,142.392,1294.83
10,12,2,151.692,156.593
10,12,3,155.329,144.943
10,13,1,155.336,1294.83
10,13,2,164.636,158.692
10,13,3,168.273,147.097
10,14,1,168.28,1294.83
10,14,2,177.58,160.682
10,14,3,181.217,149.138
10,15,1,181.224,1294.83
10,15,2,190.524,162.577
10,15,3,194.161,151.082
10,16,1,194.168,1294.83
10,16,2,203.468,164.375
10,16,3,207.105,152.939
10,17,1,207.113,1294.83
10,17,2,216.413,166.087
10,17,3,220.049,154.718
10,18,1,220.057,1294.83
10,18,2,229.357,167.718
10,18,3,232.993,156.421
10,19,1,233.001,1294.83
10,19,2,242.301,169.291
10,19,3,245.937,158.059
10,20,1,245.945,1294.83
10,20,2,255.245,170.82
10,20,3,258.881,159.646
11,1,1,0.00939448,848.652
11,1,2,9.30939,58.6614
11,1,3,12.9458,53.2059
11,2,1,12.9552,848.652
11,2,2,22.2552,76.4484
11,2,3,25.8915,69.1212
11,3,1,25.9009,848.652
11,3,2,35.2009,87.2238
11,3,3,38.8373,79.1618
11,4,1,38.8467,848.652
11,4,2,48.1467,94.0075
11,4,3,51.783,85.7248
11,5,1,51.7924,848.652
11,5,2,61.0924,98.5742
11,5,3,64.7288,90.2724
11,6,1,64.7382,848.652
11,6,2,74.0382,101.878
11,6,3,77.6745,93.6387
11,7,1,77.6839,848.652
11,7,2,86.9839,104.459
11,7,3,90.6203,96.2995
11,8,1,90.6297,848.652
11,8,2,99.9297,106.645
11,8,3,103.566,98.552
11,9,1,103.575,848.652
11,9,2,112.875,108.559
11,9,3,116.512,100.533
11,10,1,116.521,848.652
11,10,2,125.821,110.309
11,10,3,129.458,102.35
11,11,1,129.467,848.652
11,11,2,138.767,111.941
11,11,3,142.403,104.033
11,12,1,142.413,848.652
11,12,2,151.713,113.464
11,12,3,155.349,105.595
11,13,1,155.358,848.652
11,13,2,164.658,114.894
11,13,3,168.295,107.065
11,14,1,168.304,848.652
11,14,2,177.604,116.253
11,14,3,181.241,108.454
11,15,1,181.25,848.652
11,15,2,190.55,117.538
11,15,3,194.186,109.763
11,16,1,194.196,848.652
11,16,2,203.496,118.753
11,16,3,207.132,111.003
11,17,1,207.142,848.652
11,17,2,216.442,119.899
11,17,3,220.078,112.198
11,18,1,220.087,848.652
11,18,2,229.387,120.993
11,18,3,233.024,113.343
11,19,1,233.033,848.652
11,19,2,242.333,122.049
11,19,3,245.969,114.453
11,20,1,245.979,848.652
11,20,2,255.279,123.073
11,20,3,258.915,115.526
12,1,1,0.00405859,1491.85
12,1,2,9.30406,76.7706
12,1,3,12.9404,68.4342
12,2,1,12.9445,1491.85
12,2,2,22.2445,101.758
12,2,3,25.8808,90.7862
12,3,1,25.8849,1491.85
12,3,2,35.1849,114.385
12,3,3,38.8213,102.806
12,4,1,38.8253,1491.85
12,4,2,48.1253,121.263
12,4,3,51.7617,109.76
12,5,1,51.7657,1491.85
12,5,2,61.0657,125.669
12,5,3,64.7021,114.4
12,6,1,64.7062,1491.85
12,6,2,74.0062,129.051
12,6,3,77.6425,117.975
12,7,1,77.6466,1491.85
12,7,2,86.9466,131.976
12,7,3,90.583,121.044
12,8,1,90.587,1491.85
12,8,2,99.887,134.64
12,8,3,103.523,123.82
12,9,1,103.527,1491.85
12,9,2,112.827,137.154
12,9,3,116.464,126.401
12,10,1,116.468,1491.85
12,10,2,125.768,139.508
12,10,3,129.404,128.809
12,11,1,129.408,1491.85
12,11,2,138.708,141.71
12,11,3,142.345,131.058
12,12,1,142.349,1491.85
12,12,2,151.649,143.773
12,12,3,155.285,133.171
12,13,1,155.289,1491.85
12,13,2,164.589,145.718
12,13,3,168.225,135.147
12,14,1,168.23,1491.85
12,14,2,177.53,147.554
12,14,3,181.166,137.019
12,15,1,181.17,1491.85
12,15,2,190.47,149.296
12,15,3,194.106,138.795
12,16,1,194.11,1491.85
12,16,2,203.41,150.939
12,16,3,207.047,140.484
12,17,1,207.051,1491.85
12,17,2,216.351,152.493
12,17,3,219.987,142.099
12,18,1,219.991,1491.85
12,18,2,229.291,153.98
12,18,3,232.928,143.646
12,19,1,232.932,1491.85
12,19,2,242.232,155.421
12,19,3,245.868,145.147
12,20,1,245.872,1491.85
12,20,2,255.172,156.822
12,20,3,258.808,146.596
13,1,1,0.00413389,1093.42
13,1,2,9.30413,61.3125
13,1,3,12.9405,55.4136
13,2,1,12.9446,1093.42
13,2,2,22.2446,79.2808
13,2,3,25.881,71.4154
13,3,1,25.8851,1093.42
13,3,2,35.1851,87.8121
13,3,3,38.8215,79.6006
13,4,1,38.8256,1093.42
13,4,2,48.1256,92.3387
13,4,3,51.762,84.208
13,5,1,51.7661,1093.42
13,5,2,61.0661,95.2605
13,5,3,64.7025,87.2752
13,6,1,64.7066,1093.42
13,6,2,74.0066,97.508
13,6,3,77.643,89.6643
13,7,1,77.6471,1093.42
13,7,2,86.9471,99.5114
13,7,3,90.5835,91.753
13,8,1,90.5876,1093.42
13,8,2,99.8876,101.334
13,8,3,103.524,93.647
13,9,1,103.528,1093.42
13,9,2,112.828,103.073
13,9,3,116.464,95.4188
13,10,1,116.469,1093.42
13,10,2,125.769,104.688
13,10,3,129.405,97.0836
13,11,1,129.409,1093.42
13,11,2,138.709,106.219
13,11,3,142.345,98.6576
13,12,1,142.35,1093.42
13,12,2,151.65,107.656
13,12,3,155.286,100.103
13,13,1,155.29,1093.42
13,13,2,164.59,108.986
13,13,3,168.226,101.464
13,14,1,168.231,1093.42
13,14,2,177.531,110.23
13,14,3,181.167,102.74
13,15,1,181.171,1093.42
13,15,2,190.471,111.404
13,15,3,194.107,103.944
13,16,1,194.112,1093.42
13,16,2,203.412,112.525
13,16,3,207.048,105.08
13,17,1,207.052,1093.42
13,17,2,216.352,113.565
13,17,3,219.988,106.164
13,18,1,219.993,1093.42
13,18,2,229.293,114.558
13,18,3,232.929,107.205
13,19,1,232.933,1093.42
13,19,2,242.233,115.523
13,19,3,245.869,108.221
13,20,1,245.874,1093.42
13,20,2,255.174,116.457
13,20,3,258.81,109.199
14,1,1,0.0137395,1421.82
14,1,2,9.31374,93.0801
14,1,3,12.9501,82.1764
14,2,1,12.9638,1421.82
14,2,2,22.2638,126.825
14,2,3,25.9002,112.259
14,3,1,25.9139,1421.82
14,3,2,35.2139,147.339
14,3,3,38.8503,131.354
14,4,1,38.864,1421.82
14,4,2,48.164,161.328
14,4,3,51.8004,144.771
14,5,1,51.8142,1421.82
14,5,2,61.1142,171.531
14,5,3,64.7505,154.771
14,6,1,64.7643,1421.82
14,6,2,74.0643,179.122
14,6,3,77.7006,162.388
14,7,1,77.7144,1421.82
14,7,2,87.0144,185.009
14,7,3,90.6507,168.391
14,8,1,90.6645,1421.82
14,8,2,99.9645,189.749
14,8,3,103.601,173.275
14,9,1,103.615,1421.82
14,9,2,112.915,193.714
14,9,3,116.551,177.399
14,10,1,116.565,1421.82
14,10,2,125.865,197.15
14,10,3,129.501,180.988
14,11,1,129.515,1421.82
14,11,2,138.815,200.21
14,11,3,142.451,184.187
14,12,1,142.465,1421.82
14,12,2,151.765,202.978
14,12,3,155.401,187.1
14,13,1,155.415,1421.82
14,13,2,164.715,205.572
14,13,3,168.351,189.822
14,14,1,168.365,1421.82
14,14,2,177.665,208.015
14,14,3,181.301,192.375
14,15,1,181.315,1421.82
14,15,2,190.615,210.337
14,15,3,194.252,194.803
14,16,1,194.265,1421.82
14,16,2,203.565,212.555
14,16,3,207.202,197.113
14,17,1,207.215,1421.82
14,17,2,216.515,214.68
14,17,3,220.152,199.336
14,18,1,220.165,1421.82
14,18,2,229.465,216.725
14,18,3,233.102,201.471
14,19,1,233.116,1421.82
14,19,2,242.416,218.692
14,19,3,246.052,203.526
14,20,1,246.066,1421.82
14,20,2,255.366,220.602
14,20,3,259.002,205.527
15,1,1,0.0123879,1525.01
15,1,2,9.31239,95.4634
15,1,3,12.9488,84.0969
15,2,1,12.9611,1525.01
15,2,2,22.2611,130.052
15,2,3,25.8975,114.897
15,3,1,25.9099,1525.01
15,3,2,35.2099,150.818
15,3,3,38.8463,134.248
15,4,1,38.8586,1525.01
15,4,2,48.1586,164.728
15,4,3,51.795,147.625
15,5,1,51.8074,1525.01
15,5,2,61.1074,174.882
15,5,3,64.7438,157.581
15,6,1,64.7561,1525.01
15,6,2,74.0561,182.365
15,6,3,77.6925,165.101
15,7,1,77.7049,1525.01
15,7,2,87.0049,188.111
15,7,3,90.6413,170.992
15,8,1,90.6536,1525.01
15,8,2,99.9536,192.722
15,8,3,103.59,175.765
15,9,1,103.602,1525.01
15,9,2,112.902,196.583
15,9,3,116.539,179.808
15,10,1,116.551,1525.01
15,10,2,125.851,199.957
15,10,3,129.488,183.337
15,11,1,129.5,1525.01
15,11,2,138.8,202.951
15,11,3,142.436,186.493
15,12,1,142.449,1525.01
15,12,2,151.749,205.687
15,12,3,155.385,189.382
15,13,1,155.397,1525.01
15,13,2,164.697,208.263
15,13,3,168.334,192.092
15,14,1,168.346,1525.01
15,14,2,177.646,210.694
15,14,3,181.283,194.638
15,15,1,181.295,1525.01
15,15,2,190.595,213.015
15,15,3,194.231,197.069
15,16,1,194.244,1525.01
15,16,2,203.544,215.225
15,16,3,207.18,199.379
15,17,1,207.192,1525.01
15,17,2,216.492,217.349
15,17,3,220.129,201.598
15,18,1,220.141,1525.01
15,18,2,229.441,219.389
15,18,3,233.078,203.736
15,19,1,233.09,1525.01
15,19,2,242.39,221.359
15,19,3,246.026,205.792
15,20,1,246.039,1525.01
15,20,2,255.339,223.276
15,20,3,258.975,207.799
16,1,1,0.00245512,1124.18
16,1,2,9.30246,59.7466
16,1,3,12.9388,54.1037
16,2,1,12.9413,1124.18
16,2,2,22.2413,74.7126
16,2,3,25.8776,67.5563
16,3,1,25.8801,1124.18
16,3,2,35.1801,80.1005
16,3,3,38.8165,73.0096
16,4,1,38.8189,1124.18
16,4,2,48.1189,82.8786
16,4,3,51.7553,76.0304
16,5,1,51.7577,1124.18
16,5,2,61.0577,85.0091
16,5,3,64.6941,78.3118
16,6,1,64.6965,1124.18
16,6,2,73.9965,86.9197
16,6,3,77.6329,80.3175
16,7,1,77.6354,1124.18
16,7,2,86.9354,88.7505
16,7,3,90.5717,82.1932
16,8,1,90.5742,1124.18
16,8,2,99.8742,90.465
16,8,3,103.511,83.9423
16,9,1,103.513,1124.18
16,9,2,112.813,92.0675
16,9,3,116.449,85.5547
16,10,1,116.452,1124.18
16,10,2,125.752,93.5505
16,10,3,129.388,87.0731
16,11,1,129.391,1124.18
16,11,2,138.691,94.9342
16,11,3,142.327,88.4785
16,12,1,142.329,1124.18
16,12,2,151.629,96.2402
16,12,3,155.266,89.7848
16,13,1,155.268,1124.18
16,13,2,164.568,97.4226
16,13,3,168.205,90.9958
16,14,1,168.207,1124.18
16,14,2,177.507,98.5483
16,14,3,181.143,92.1378
16,15,1,181.146,1124.18
16,15,2,190.446,99.6056
16,15,3,194.082,93.205
16,16,1,194.085,1124.18
16,16,2,203.385,100.609
16,16,3,207.021,94.2226
16,17,1,207.024,1124.18
16,17,2,216.324,101.541
16,17,3,219.96,95.1869
16,18,1,219.962,1124.18
16,18,2,229.262,102.426
16,18,3,232.899,96.1158
16,19,1,232.901,1124.18
16,19,2,242.201,103.285
16,19,3,245.838,97.012
16,20,1,245.84,1124.18
16,20,2,255.14,104.115
16,20,3,258.776,97.8786
17,1,1,0.00324939,892.238
17,1,2,9.30325,53.135
17,1,3,12.9396,48.5673
17,2,1,12.9429,892.238
17,2,2,22.2429,66.3608
17,2,3,25.8792,60.3976
17,3,1,25.8825,892.238
17,3,2,35.1825,71.8312
17,3,3,38.8188,65.7754
17,4,1,38.8221,892.238
17,4,2,48.1221,74.623
17,4,3,51.7585,68.7177
17,5,1,51.7617,892.238
17,5,2,61.0617,76.5425
17,5,3,64.6981,70.7787
17,6,1,64.7013,892.238
17,6,2,74.0013,78.2072
17,6,3,77.6377,72.5258
17,7,1,77.6409,892.238
17,7,2,86.9409,79.7699
17,7,3,90.5773,74.137
17,8,1,90.5805,892.238
17,8,2,99.8805,81.214
17,8,3,103.517,75.6157
17,9,1,103.52,892.238
17,9,2,112.82,82.5881
17,9,3,116.457,77.0034
17,10,1,116.46,892.238
17,10,2,125.76,83.8685
17,10,3,129.396,78.3066
17,11,1,129.399,892.238
17,11,2,138.699,85.0509
17,11,3,142.336,79.5078
17,12,1,142.339,892.238
17,12,2,151.639,86.1543
17,12,3,155.275,80.6444
17,13,1,155.279,892.238
17,13,2,164.579,87.1971
17,13,3,168.215,81.7024
17,14,1,168.218,892.238
17,14,2,177.518,88.1647
17,14,3,181.155,82.6814
17,15,1,181.158,892.238
17,15,2,190.458,89.0849
17,15,3,194.094,83.6123
17,16,1,194.097,892.238
17,16,2,203.397,89.9435
17,16,3,207.034,84.4854
17,17,1,207.037,892.238
17,17,2,216.337,90.7398
17,17,3,219.973,85.2993
17,18,1,219.977,892.238
17,18,2,229.277,91.497
17,18,3,232.913,86.0924
17,19,1,232.916,892.238
17,19,2,242.216,92.2255
17,19,3,245.853,86.8548
17,20,1,245.856,892.238
17,20,2,255.156,92.9003
17,20,3,258.792,87.5726
18,1,1,0.0109425,864.569
18,1,2,9.31094,60.2102
18,1,3,12.9473,54.5122
18,2,1,12.9582,864.569
18,2,2,22.2582,78.6153
18,2,3,25.8946,70.87
18,3,1,25.9056,864.569
18,3,2,35.2056,89.8493
18,3,3,38.8419,81.3088
18,4,1,38.8529,864.569
18,4,2,48.1529,97.0584
18,4,3,51.7892,88.2308
18,5,1,51.8002,864.569
18,5,2,61.1002,101.947
18,5,3,64.7365,93.0528
18,6,1,64.7475,864.569
18,6,2,74.0475,105.48
18,6,3,77.6838,96.6168
18,7,1,77.6948,864.569
18,7,2,86.9948,108.157
18,7,3,90.6311,99.3866
18,8,1,90.6421,864.569
18,8,2,99.9421,110.375
18,8,3,103.578,101.697
18,9,1,103.589,864.569
18,9,2,112.889,112.309
18,9,3,116.526,103.695
18,10,1,116.537,864.569
18,10,2,125.837,114.034
18,10,3,129.473,105.497
18,11,1,129.484,864.569
18,11,2,138.784,115.622
18,11,3,142.42,107.15
18,12,1,142.431,864.569
18,12,2,151.731,117.102
18,12,3,155.368,108.687
18,13,1,155.379,864.569
18,13,2,164.679,118.49
18,13,3,168.315,110.129
18,14,1,168.326,864.569
18,14,2,177.626,119.811
18,14,3,181.262,111.493
18,15,1,181.273,864.569
18,15,2,190.573,121.076
18,15,3,194.21,112.786
18,16,1,194.221,864.569
18,16,2,203.521,122.267
18,16,3,207.157,114.011
18,17,1,207.168,864.569
18,17,2,216.468,123.389
18,17,3,220.104,115.187
18,18,1,220.115,864.569
18,18,2,229.415,124.467
18,18,3,233.052,116.322
18,19,1,233.062,864.569
18,19,2,242.362,125.502
18,19,3,245.999,117.414
18,20,1,246.01,864.569
18,20,2,255.31,126.507
18,20,3,258.946,118.47
19,1,1,0.0171744,878.955
19,1,2,9.31717,67.3007
19,1,3,12.9535,60.5012
19,2,1,12.9707,878.955
19,2,2,22.2707,89.0818
19,2,3,25.9071,79.9786
19,3,1,25.9243,878.955
19,3,2,35.2243,102.844
19,3,3,38.8606,92.7424
19,4,1,38.8778,878.955
19,4,2,48.1778,112.343
19,4,3,51.8142,101.764
19,5,1,51.8313,878.955
19,5,2,61.1313,119.126
19,5,3,64.7677,108.378
19,6,1,64.7849,878.955
19,6,2,74.0849,124.207
19,6,3,77.7212,113.425
19,7,1,77.7384,878.955
19,7,2,87.0384,128.171
19,7,3,90.6748,117.426
19,8,1,90.6919,878.955
19,8,2,99.9919,131.345
19,8,3,103.628,120.686
19,9,1,103.645,878.955
19,9,2,112.945,134.051
19,9,3,116.582,123.466
19,10,1,116.599,878.955
19,10,2,125.899,136.382
19,10,3,129.535,125.898
19,11,1,129.553,878.955
19,11,2,138.853,138.466
19,11,3,142.489,128.061
19,12,1,142.506,878.955
19,12,2,151.806,140.354
19,12,3,155.442,130.03
19,13,1,155.46,878.955
19,13,2,164.76,142.111
19,13,3,168.396,131.849
19,14,1,168.413,878.955
19,14,2,177.713,143.764
19,14,3,181.35,133.56
19,15,1,181.367,878.955
19,15,2,190.667,145.318
19,15,3,194.303,135.167
19,16,1,194.32,878.955
19,16,2,203.62,146.798
19,16,3,207.257,136.707
19,17,1,207.274,878.955
19,17,2,216.574,148.207
19,17,3,220.21,138.191
19,18,1,220.227,878.955
19,18,2,229.527,149.559
19,18,3,233.164,139.611
19,19,1,233.181,878.955
19,19,2,242.481,150.871
19,19,3,246.117,140.991
19,20,1,246.134,878.955
19,20,2,255.434,152.153
19,20,3,259.071,142.33
2,1,1,0.00154248,1119.1
2,1,2,9.30154,58.4456
2,1,3,12.9379,53.0233
2,2,1,12.9394,1119.1
2,2,2,22.2394,69.6264
2,2,3,25.8758,63.3286
2,3,1,25.8774,1119.1
2,3,2,35.1774,72.8709
2,3,3,38.8137,66.8751
2,4,1,38.8153,1119.1
2,4,2,48.1153,74.8347
2,4,3,51.7516,69.0819
2,5,1,51.7532,1119.1
2,5,2,61.0532,76.6844
2,5,3,64.6895,71.0437
2,6,1,64.6911,1119.1
2,6,2,73.9911,78.5212
2,6,3,77.6274,72.9099
2,7,1,77.629,1119.1
2,7,2,86.929,80.2212
2,7,3,90.5653,74.6423
2,8,1,90.5669,1119.1
2,8,2,99.8669,81.8483
2,8,3,103.503,76.2644
2,9,1,103.505,1119.1
2,9,2,112.805,83.3331
2,9,3,116.441,77.7799
2,10,1,116.443,1119.1
2,10,2,125.743,84.7265
2,10,3,129.379,79.1625
2,11,1,129.381,1119.1
2,11,2,138.681,85.9783
2,11,3,142.317,80.4293
2,12,1,142.319,1119.1
2,12,2,151.619,87.1444
2,12,3,155.255,81.6152
2,13,1,155.256,1119.1
2,13,2,164.556,88.239
2,13,3,168.193,82.7253
2,14,1,168.194,1119.1
2,14,2,177.494,89.2627
2,14,3,181.131,83.7672
2,15,1,181.132,1119.1
2,15,2,190.432,90.2419
2,15,3,194.069,84.7498
2,16,1,194.07,1119.1
2,16,2,203.37,91.1589
2,16,3,207.006,85.6757
2,17,1,207.008,1119.1
2,17,2,216.308,91.9985
2,17,3,219.944,86.5374
2,18,1,219.946,1119.1
2,18,2,229.246,92.8052
2,18,3,232.882,87.3799
2,19,1,232.884,1119.1
2,19,2,242.184,93.5874
2,19,3,245.82,88.1934
2,20,1,245.822,1119.1
2,20,2,255.122,94.3404
2,20,3,258.758,88.9853
20,1,1,0.0127534,807.789
20,1,2,9.31275,59.4098
20,1,3,12.9491,53.8576
20,2,1,12.9619,807.789
20,2,2,22.2619,77.4303
20,2,3,25.8982,69.9055
20,3,1,25.911,807.789
20,3,2,35.211,88.4746
20,3,3,38.8474,80.175
20,4,1,38.8601,807.789
20,4,2,48.1601,95.7354
20,4,3,51.7965,87.1391
20,5,1,51.8092,807.789
20,5,2,61.1092,100.767
20,5,3,64.7456,92.0919
20,6,1,64.7583,807.789
20,6,2,74.0583,104.449
20,6,3,77.6947,95.7917
20,7,1,77.7075,807.789
20,7,2,87.0075,107.271
20,7,3,90.6438,98.6837
20,8,1,90.6566,807.789
20,8,2,99.9566,109.592
20,8,3,103.593,101.079
20,9,1,103.606,807.789
20,9,2,112.906,111.593
20,9,3,116.542,103.14
20,10,1,116.555,807.789
20,10,2,125.855,113.361
20,10,3,129.491,104.976
20,11,1,129.504,807.789
20,11,2,138.804,114.968
20,11,3,142.44,106.67
20,12,1,142.453,807.789
20,12,2,151.753,116.481
20,12,3,155.389,108.22
20,13,1,155.402,807.789
20,13,2,164.702,117.884
20,13,3,168.339,109.675
20,14,1,168.351,807.789
20,14,2,177.651,119.229
20,14,3,181.288,111.048
20,15,1,181.3,807.789
20,15,2,190.6,120.494
20,15,3,194.237,112.346
20,16,1,194.25,807.789
20,16,2,203.55,121.694
20,16,3,207.186,113.581
20,17,1,207.199,807.789
20,17,2,216.499,122.826
20,17,3,220.135,114.765
20,18,1,220.148,807.789
20,18,2,229.448,123.911
20,18,3,233.084,115.911
20,19,1,233.097,807.789
20,19,2,242.397,124.956
20,19,3,246.033,117.011
20,20,1,246.046,807.789
20,20,2,255.346,125.974
20,20,3,258.982,118.08
21,1,1,0.00499013,1481.92
21,1,2,9.30499,78.4676
21,1,3,12.9414,69.8634
21,2,1,12.9463,1481.92
21,2,2,22.2463,104.718
21,2,3,25.8827,93.2977
21,3,1,25.8877,1481.92
21,3,2,35.1877,118.977
21,3,3,38.8241,106.735
21,4,1,38.8291,1481.92
21,4,2,48.1291,127.145
21,4,3,51.7654,114.856
21,5,1,51.7704,1481.92
21,5,2,61.0704,132.361
21,5,3,64.7068,120.249
21,6,1,64.7118,1481.92
21,6,2,74.0118,136.188
21,6,3,77.6481,124.275
21,7,1,77.6531,1481.92
21,7,2,86.9531,139.382
21,7,3,90.5895,127.634
21,8,1,90.5945,1481.92
21,8,2,99.8945,142.2
21,8,3,103.531,130.578
21,9,1,103.536,1481.92
21,9,2,112.836,144.807
21,9,3,116.472,133.286
21,10,1,116.477,1481.92
21,10,2,125.777,147.262
21,10,3,129.414,135.819
21,11,1,129.419,1481.92
21,11,2,138.719,149.566
21,11,3,142.355,138.191
21,12,1,142.36,1481.92
21,12,2,151.66,151.753
21,12,3,155.296,140.416
21,13,1,155.301,1481.92
21,13,2,164.601,153.802
21,13,3,168.238,142.511
21,14,1,168.243,1481.92
21,14,2,177.543,155.729
21,14,3,181.179,144.483
21,15,1,181.184,1481.92
21,15,2,190.484,157.577
21,15,3,194.12,146.373
21,16,1,194.125,1481.92
21,16,2,203.425,159.322
21,16,3,207.062,148.171
21,17,1,207.067,1481.92
21,17,2,216.367,160.984
21,17,3,220.003,149.897
21,18,1,220.008,1481.92
21,18,2,229.308,162.581
21,18,3,232.944,151.558
21,19,1,232.949,1481.92
21,19,2,242.249,164.111
21,19,3,245.886,153.154
21,20,1,245.891,1481.92
21,20,2,255.191,165.598
21,20,3,258.827,154.693
22,1,1,0.00285266,1182
22,1,2,9.30285,62.7697
22,1,3,12.9392,56.6622
22,2,1,12.9421,1182
22,2,2,22.2421,80.1456
22,2,3,25.8784,72.261
22,3,1,25.8813,1182
22,3,2,35.1813,87.1734
22,3,3,38.8176,79.2094
22,4,1,38.8205,1182
22,4,2,48.1205,90.8579
22,4,3,51.7569,83.1052
22,5,1,51.7597,1182
22,5,2,61.0597,93.422
22,5,3,64.6961,85.8526
22,6,1,64.6989,1182
22,6,2,73.9989,95.641
22,6,3,77.6353,88.183
22,7,1,77.6382,1182
22,7,2,86.9382,97.7213
22,7,3,90.5745,90.3156
22,8,1,90.5774,1182
22,8,2,99.8774,99.6344
22,8,3,103.514,92.2768
22,9,1,103.517,1182
22,9,2,112.817,101.466
22,9,3,116.453,94.1289
22,10,1,116.456,1182
22,10,2,125.756,103.171
22,10,3,129.392,95.8607
22,11,1,129.395,1182
22,11,2,138.695,104.744
22,11,3,142.331,97.4556
22,12,1,142.334,1182
22,12,2,151.634,106.219
22,12,3,155.271,98.9547
22,13,1,155.273,1182
22,13,2,164.573,107.599
22,13,3,168.21,100.353
22,14,1,168.213,1182
22,14,2,177.513,108.893
22,14,3,181.149,101.663
22,15,1,181.152,1182
22,15,2,190.452,110.111
22,15,3,194.088,102.891
22,16,1,194.091,1182
22,16,2,203.391,111.262
22,16,3,207.027,104.06
22,17,1,207.03,1182
22,17,2,216.33,112.322
22,17,3,219.967,105.161
22,18,1,219.97,1182
22,18,2,229.27,113.34
22,18,3,232.906,106.228
22,19,1,232.909,1182
22,19,2,242.209,114.328
22,19,3,245.845,107.263
22,20,1,245.848,1182
22,20,2,255.148,115.292
22,20,3,258.784,108.263
23,1,1,0.00978965,1557.15
23,1,2,9.30979,92.4244
23,1,3,12.9462,81.6065
23,2,1,12.9559,1557.15
23,2,2,22.2559,125.884
23,2,3,25.8923,111.453
23,3,1,25.9021,1557.15
23,3,2,35.2021,145.836
23,3,3,38.8385,130.057
23,4,1,38.8482,1557.15
23,4,2,48.1482,159.166
23,4,3,51.7846,142.904
23,5,1,51.7944,1557.15
23,5,2,61.0944,168.531
23,5,3,64.7308,152.179
23,6,1,64.7406,1557.15
23,6,2,74.0406,175.339
23,6,3,77.6769,159.107
23,7,1,77.6867,1557.15
23,7,2,86.9867,180.582
23,7,3,90.6231,164.514
23,8,1,90.6329,1557.15
23,8,2,99.9329,184.835
23,8,3,103.569,168.946
23,9,1,103.579,1557.15
23,9,2,112.879,188.483
23,9,3,116.515,172.77
23,10,1,116.525,1557.15
23,10,2,125.825,191.741
23,10,3,129.462,176.163
23,11,1,129.471,1557.15
23,11,2,138.771,194.689
23,11,3,142.408,179.246
23,12,1,142.417,1557.15
23,12,2,151.717,197.428
23,12,3,155.354,182.104
23,13,1,155.364,1557.15
23,13,2,164.664,200.016
23,13,3,168.3,184.798
23,14,1,168.31,1557.15
23,14,2,177.61,202.477
23,14,3,181.246,187.35
23,15,1,181.256,1557.15
23,15,2,190.556,204.816
23,15,3,194.192,189.781
23,16,1,194.202,1557.15
23,16,2,203.502,207.062
23,16,3,207.138,192.105
23,17,1,207.148,1557.15
23,17,2,216.448,209.207
23,17,3,220.085,194.344
23,18,1,220.094,1557.15
23,18,2,229.394,211.272
23,18,3,233.031,196.494
23,19,1,233.041,1557.15
23,19,2,242.341,213.258
23,19,3,245.977,198.563
23,20,1,245.987,1557.15
23,20,2,255.287,215.189
23,20,3,258.923,200.576
24,1,1,0.00640579,1343.09
24,1,2,9.30641,76.3201
24,1,3,12.9428,68.0505
24,2,1,12.9492,1343.09
24,2,2,22.2492,102.146
24,2,3,25.8855,91.175
24,3,1,25.8919,1343.09
24,3,2,35.1919,117.151
24,3,3,38.8283,105.206
24,4,1,38.8347,1343.09
24,4,2,48.1347,126.268
24,4,3,51.7711,114.125
24,5,1,51.7775,1343.09
24,5,2,61.0775,132.22
24,5,3,64.7138,120.16
24,6,1,64.7203,1343.09
24,6,2,74.0203,136.526
24,6,3,77.6566,124.623
24,7,1,77.663,1343.09
24,7,2,86.963,139.984
24,7,3,90.5994,128.233
24,8,1,90.6058,1343.09
24,8,2,99.9058,142.947
24,8,3,103.542,131.325
24,9,1,103.549,1343.09
24,9,2,112.849,145.626
24,9,3,116.485,134.116
24,10,1,116.491,1343.09
24,10,2,125.791,148.12
24,10,3,129.428,136.695
24,11,1,129.434,1343.09
24,11,2,138.734,150.454
24,11,3,142.37,139.104
24,12,1,142.377,1343.09
24,12,2,151.677,152.663
24,12,3,155.313,141.361
24,13,1,155.32,1343.09
24,13,2,164.62,154.738
24,13,3,168.256,143.486
24,14,1,168.262,1343.09
24,14,2,177.562,156.702
24,14,3,181.199,145.492
24,15,1,181.205,1343.09
24,15,2,190.505,158.57
24,15,3,194.142,147.407
24,16,1,194.148,1343.09
24,16,2,203.448,160.339
24,16,3,207.084,149.231
24,17,1,207.091,1343.09
24,17,2,216.391,162.021
24,17,3,220.027,150.98
24,18,1,220.033,1343.09
24,18,2,229.333,163.626
24,18,3,232.97,152.653
24,19,1,232.976,1343.09
24,19,2,242.276,165.184
24,19,3,245.913,154.277
24,20,1,245.919,1343.09
24,20,2,255.219,166.706
24,20,3,258.855,155.852
25,1,1,0.0125063,1236.53
25,1,2,9.31251,81.6451
25,1,3,12.9489,72.554
25,2,1,12.9614,1236.53
25,2,2,22.2614,110.036
25,2,3,25.8977,97.9455
25,3,1,25.9102,1236.53
25,3,2,35.2102,127.712
25,3,3,38.8466,114.341
25,4,1,38.8591,1236.53
25,4,2,48.1591,139.692
25,4,3,51.7955,125.824
25,5,1,51.808,1236.53
25,5,2,61.108,148.211
25,5,3,64.7443,134.186
25,6,1,64.7569,1236.53
25,6,2,74.0569,154.519
25,6,3,77.6932,140.515
25,7,1,77.7057,1236.53
25,7,2,87.0057,159.367
25,7,3,90.6421,145.476
25,8,1,90.6546,1236.53
25,8,2,99.9546,163.288
25,8,3,103.591,149.531
25,9,1,103.603,1236.53
25,9,2,112.903,166.622
25,9,3,116.54,152.996
25,10,1,116.552,1236.53
25,10,2,125.852,169.566
25,10,3,129.489,156.061
25,11,1,129.501,1236.53
25,11,2,138.801,172.231
25,11,3,142.438,158.827
25,12,1,142.45,1236.53
25,12,2,151.75,174.673
25,12,3,155.386,161.367
25,13,1,155.399,1236.53
25,13,2,164.699,176.95
25,13,3,168.335,163.74
25,14,1,168.348,1236.53
25,14,2,177.648,179.114
25,14,3,181.284,165.985
25,15,1,181.297,1236.53
25,15,2,190.597,181.179
25,15,3,194.233,168.125
25,16,1,194.246,1236.53
25,16,2,203.546,183.152
25,16,3,207.182,170.171
25,17,1,207.194,1236.53
25,17,2,216.494,185.041
25,17,3,220.131,172.134
25,18,1,220.143,1236.53
25,18,2,229.443,186.84
25,18,3,233.08,174.015
25,19,1,233.092,1236.53
25,19,2,242.392,188.584
25,19,3,246.029,175.835
25,20,1,246.041,1236.53
25,20,2,255.341,190.281
25,20,3,258.977,177.605
26,1,1,0.0164079,1403.29
26,1,2,9.31641,96.7175
26,1,3,12.9528,85.2407
26,2,1,12.9692,1403.29
26,2,2,22.2692,132.112
26,2,3,25.9055,116.838
26,3,1,25.922,1403.29
26,3,2,35.222,153.756
26,3,3,38.8583,137.002
26,4,1,38.8747,1403.29
26,4,2,48.1747,168.512
26,4,3,51.8111,151.165
26,5,1,51.8275,1403.29
26,5,2,61.1275,179.418
26,5,3,64.7639,161.847
26,6,1,64.7803,1403.29
26,6,2,74.0803,187.729
26,6,3,77.7166,170.136
26,7,1,77.733,1403.29
26,7,2,87.033,194.217
26,7,3,90.6694,176.714
26,8,1,90.6858,1403.29
26,8,2,99.9858,199.448
26,8,3,103.622,182.082
26,9,1,103.639,1403.29
26,9,2,112.939,203.818
26,9,3,116.575,186.618
26,10,1,116.591,1403.29
26,10,2,125.891,207.576
26,10,3,129.528,190.529
26,11,1,129.544,1403.29
26,11,2,138.844,210.863
26,11,3,142.48,193.972
26,12,1,142.497,1403.29
26,12,2,151.797,213.835
26,12,3,155.433,197.097
26,13,1,155.45,1403.29
26,13,2,164.75,216.588
26,13,3,168.386,199.992
26,14,1,168.402,1403.29
26,14,2,177.702,219.174
26,14,3,181.339,202.694
26,15,1,181.355,1403.29
26,15,2,190.655,221.621
26,15,3,194.292,205.257
26,16,1,194.308,1403.29
26,16,2,203.608,223.961
26,16,3,207.244,207.693
26,17,1,207.261,1403.29
26,17,2,216.561,226.201
26,17,3,220.197,210.03
26,18,1,220.214,1403.29
26,18,2,229.514,228.347
26,18,3,233.15,212.281
26,19,1,233.166,1403.29
26,19,2,242.466,230.418
26,19,3,246.103,214.445
26,20,1,246.119,1403.29
26,20,2,255.419,232.431
26,20,3,259.055,216.557
27,1,1,0.00689549,1585.75
27,1,2,9.3069,86.5299
27,1,3,12.9433,76.5811
27,2,1,12.9502,1585.75
27,2,2,22.2502,116.884
27,2,3,25.8865,103.617
27,3,1,25.8934,1585.75
27,3,2,35.1934,134.307
27,3,3,38.8298,119.891
27,4,1,38.8367,1585.75
27,4,2,48.1367,145.197
27,4,3,51.773,130.508
27,5,1,51.7799,1585.75
27,5,2,61.0799,152.404
27,5,3,64.7163,137.78
27,6,1,64.7232,1585.75
27,6,2,74.0232,157.523
27,6,3,77.6596,143.07
27,7,1,77.6665,1585.75
27,7,2,86.9665,161.485
27,7,3,90.6028,147.242
27,8,1,90.6097,1585.75
27,8,2,99.9097,164.847
27,8,3,103.546,150.781
27,9,1,103.553,1585.75
27,9,2,112.853,167.838
27,9,3,116.489,153.925
27,10,1,116.496,1585.75
27,10,2,125.796,170.605
27,10,3,129.433,156.799
27,11,1,129.439,1585.75
27,11,2,138.739,173.177
27,11,3,142.376,159.463
27,12,1,142.383,1585.75
27,12,2,151.683,175.573
27,12,3,155.319,161.951
27,13,1,155.326,1585.75
27,13,2,164.626,177.853
27,13,3,168.262,164.316
27,14,1,168.269,1585.75
27,14,2,177.569,180.019
27,14,3,181.206,166.563
27,15,1,181.213,1585.75
27,15,2,190.513,182.099
27,15,3,194.149,168.707
27,16,1,194.156,1585.75
27,16,2,203.456,184.092
27,16,3,207.092,170.76
27,17,1,207.099,1585.75
27,17,2,216.399,185.983
27,17,3,220.035,172.72
27,18,1,220.042,1585.75
27,18,2,229.342,187.788
27,18,3,232.979,174.603
27,19,1,232.986,1585.75
27,19,2,242.286,189.537
27,19,3,245.922,176.416
27,20,1,245.929,1585.75
27,20,2,255.229,191.223
27,20,3,258.865,178.174
28,1,1,0.0133785,1011.78
28,1,2,9.31338,70.3751
28,1,3,12.9497,63.0869
28,2,1,12.9631,1011.78
28,2,2,22.2631,93.7052
28,2,3,25.8995,83.8879
28,3,1,25.9129,1011.78
28,3,2,35.2129,108.149
28,3,3,38.8492,97.2851
28,4,1,38.8626,1011.78
28,4,2,48.1626,117.983
28,4,3,51.799,106.66
28,5,1,51.8123,1011.78
28,5,2,61.1123,124.909
28,5,3,64.7487,113.446
28,6,1,64.7621,1011.78
28,6,2,74.0621,129.994
28,6,3,77.6985,118.533
28,7,1,77.7118,1011.78
28,7,2,87.0118,133.908
28,7,3,90.6482,122.521
28,8,1,90.6616,1011.78
28,8,2,99.9616,137.052
28,8,3,103.598,125.775
28,9,1,103.611,1011.78
28,9,2,112.911,139.737
28,9,3,116.548,128.559
28,10,1,116.561,1011.78
28,10,2,125.861,142.091
28,10,3,129.497,131.008
28,11,1,129.511,1011.78
28,11,2,138.811,144.209
28,11,3,142.447,133.216
28,12,1,142.461,1011.78
28,12,2,151.761,146.16
28,12,3,155.397,135.249
28,13,1,155.41,1011.78
28,13,2,164.71,147.982
28,13,3,168.347,137.131
28,14,1,168.36,1011.78
28,14,2,177.66,149.705
28,14,3,181.296,138.913
28,15,1,181.31,1011.78
28,15,2,190.61,151.337
28,15,3,194.246,140.601
28,16,1,194.26,1011.78
28,16,2,203.56,152.897
28,16,3,207.196,142.217
28,17,1,207.209,1011.78
28,17,2,216.509,154.366
28,17,3,220.146,143.762
28,18,1,220.159,1011.78
28,18,2,229.459,155.777
28,18,3,233.095,145.243
28,19,1,233.109,1011.78
28,19,2,242.409,157.148
28,19,3,246.045,146.684
28,20,1,246.058,1011.78
28,20,2,255.358,158.473
28,20,3,258.995,148.07
29,1,1,0.00179671,1371.03
29,1,2,9.3018,67.0463
29,1,3,12.9382,60.2493
29,2,1,12.94,1371.03
29,2,2,22.24,83.1461
29,2,3,25.8763,74.9128
29,3,1,25.8781,1371.03
29,3,2,35.1781,88.4561
29,3,3,38.8145,80.4585
29,4,1,38.8163,1371.03
29,4,2,48.1163,91.3371
29,4,3,51.7526,83.65
29,5,1,51.7544,1371.03
29,5,2,61.0544,93.7039
29,5,3,64.6908,86.1999
29,6,1,64.6926,1371.03
29,6,2,73.9926,95.9829
29,6,3,77.629,88.5588
29,7,1,77.6308,1371.03
29,7,2,86.9308,98.167
29,7,3,90.5671,90.7738
29,8,1,90.5689,1371.03
29,8,2,99.8689,100.185
29,8,3,103.505,92.8219
29,9,1,103.507,1371.03
29,9,2,112.807,102.101
29,9,3,116.443,94.7402
29,10,1,116.445,1371.03
29,10,2,125.745,103.86
29,10,3,129.382,96.5247
29,11,1,129.383,1371.03
29,11,2,138.683,105.487
29,11,3,142.32,98.1728
29,12,1,142.322,1371.03
29,12,2,151.622,107.015
29,12,3,155.258,99.7152
29,13,1,155.26,1371.03
29,13,2,164.56,108.434
29,13,3,168.196,101.153
29,14,1,168.198,1371.03
29,14,2,177.498,109.767
29,14,3,181.134,102.5
29,15,1,181.136,1371.03
29,15,2,190.436,111.021
29,15,3,194.072,103.763
29,16,1,194.074,1371.03
29,16,2,203.374,112.206
29,16,3,207.011,104.965
29,17,1,207.012,1371.03
29,17,2,216.312,113.301
29,17,3,219.949,106.102
29,18,1,219.951,1371.03
29,18,2,229.251,114.353
29,18,3,232.887,107.2
29,19,1,232.889,1371.03
29,19,2,242.189,115.375
29,19,3,245.825,108.27
29,20,1,245.827,1371.03
29,20,2,255.127,116.369
29,20,3,258.763,109.299
3,1,1,0.00597308,910.521
3,1,2,9.30597,57.1968
3,1,3,12.9423,51.9845
3,2,1,12.9483,910.521
3,2,2,22.2483,74.0005
3,2,3,25.8847,66.9522
3,3,1,25.8906,910.521
3,3,2,35.1906,83.1428
3,3,3,38.827,75.5616
3,4,1,38.833,910.521
3,4,2,48.133,88.2992
3,4,3,51.7693,80.6815
3,5,1,51.7753,910.521
3,5,2,61.0753,91.5953
3,5,3,64.7117,84.0707
3,6,1,64.7177,910.521
3,6,2,74.0177,94.0423
3,6,3,77.654,86.6271
3,7,1,77.66,910.521
3,7,2,86.96,96.0917
3,7,3,90.5964,88.7592
3,8,1,90.6023,910.521
3,8,2,99.9023,97.8846
3,8,3,103.539,90.6303
3,9,1,103.545,910.521
3,9,2,112.845,99.5817
3,9,3,116.481,92.3632
3,10,1,116.487,910.521
3,10,2,125.787,101.147
3,10,3,129.423,93.9778
3,11,1,129.429,910.521
3,11,2,138.729,102.61
3,11,3,142.366,95.4963
3,12,1,142.372,910.521
3,12,2,151.672,104.011
3,12,3,155.308,96.9034
3,13,1,155.314,910.521
3,13,2,164.614,105.301
3,13,3,168.25,98.2209
3,14,1,168.256,910.521
3,14,2,177.556,106.523
3,14,3,181.193,99.4605
3,15,1,181.199,910.521
3,15,2,190.499,107.663
3,15,3,194.135,100.62
3,16,1,194.141,910.521
3,16,2,203.441,108.765
3,16,3,207.077,101.735
3,17,1,207.083,910.521
3,17,2,216.383,109.774
3,17,3,220.02,102.786
3,18,1,220.026,910.521
3,18,2,229.326,110.737
3,18,3,232.962,103.8
3,19,1,232.968,910.521
3,19,2,242.268,111.675
3,19,3,245.904,104.784
3,20,1,245.91,910.521
3,20,2,255.21,112.582
3,20,3,258.847,105.73
30,1,1,0.0183804,1162.66
30,1,2,9.31838,85.4528
30,1,3,12.9547,75.7738
30,2,1,12.9731,1162.66
30,2,2,22.2731,115.438
30,2,3,25.9095,102.58
30,3,1,25.9279,1162.66
30,3,2,35.2279,133.989
30,3,3,38.8642,119.799
30,4,1,38.8826,1162.66
30,4,2,48.1826,146.84
30,4,3,51.819,132.099
30,5,1,51.8374,1162.66
30,5,2,61.1374,156.303
30,5,3,64.7737,141.338
30,6,1,64.7921,1162.66
30,6,2,74.0921,163.526
30,6,3,77.7285,148.505
30,7,1,77.7468,1162.66
30,7,2,87.0468,169.194
30,7,3,90.6832,154.223
30,8,1,90.7016,1162.66
30,8,2,100.002,173.764
30,8,3,103.638,158.895
30,9,1,103.656,1162.66
30,9,2,112.956,177.588
30,9,3,116.593,162.843
30,10,1,116.611,1162.66
30,10,2,125.911,180.887
30,10,3,129.547,166.254
30,11,1,129.566,1162.66
30,11,2,138.866,183.775
30,11,3,142.502,169.27
30,12,1,142.521,1162.66
30,12,2,151.821,186.383
30,12,3,155.457,171.994
30,13,1,155.475,1162.66
30,13,2,164.775,188.806
30,13,3,168.412,174.521
30,14,1,168.43,1162.66
30,14,2,177.73,191.057
30,14,3,181.366,176.881
30,15,1,181.385,1162.66
30,15,2,190.685,193.194
30,15,3,194.321,179.111
30,16,1,194.34,1162.66
30,16,2,203.64,195.233
30,16,3,207.276,181.237
30,17,1,207.294,1162.66
30,17,2,216.594,197.179
30,17,3,220.231,183.273
30,18,1,220.249,1162.66
30,18,2,229.549,199.029
30,18,3,233.185,185.219
30,19,1,233.204,1162.66
30,19,2,242.504,200.836
30,19,3,246.14,187.108
30,20,1,246.159,1162.66
30,20,2,255.459,202.582
30,20,3,259.095,188.943
31,1,1,0.0117675,1145.65
31,1,2,9.31177,74.7396
31,1,3,12.9481,66.6892
31,2,1,12.9599,1145.65
31,2,2,22.2599,99.9128
31,2,3,25.8963,89.1013
31,3,1,25.908,1145.65
31,3,2,35.208,115.303
31,3,3,38.8444,103.36
31,4,1,38.8562,1145.65
31,4,2,48.1562,125.606
31,4,3,51.7925,113.194
31,5,1,51.8043,1145.65
31,5,2,61.1043,132.799
31,5,3,64.7407,120.257
31,6,1,64.7524,1145.65
31,6,2,74.0524,137.999
31,6,3,77.6888,125.486
31,7,1,77.7006,1145.65
31,7,2,87.0006,141.964
31,7,3,90.6369,129.559
31,8,1,90.6487,1145.65
31,8,2,99.9487,145.166
31,8,3,103.585,132.885
31,9,1,103.597,1145.65
31,9,2,112.897,147.882
31,9,3,116.533,135.725
31,10,1,116.545,1145.65
31,10,2,125.845,150.297
31,10,3,129.481,138.25
31,11,1,129.493,1145.65
31,11,2,138.793,152.483
31,11,3,142.429,140.529
31,12,1,142.441,1145.65
31,12,2,151.741,154.492
31,12,3,155.378,142.633
31,13,1,155.389,1145.65
31,13,2,164.689,156.386
31,13,3,168.326,144.602
31,14,1,168.337,1145.65
31,14,2,177.637,158.162
31,14,3,181.274,146.453
31,15,1,181.286,1145.65
31,15,2,190.586,159.865
31,15,3,194.222,148.23
31,16,1,194.234,1145.65
31,16,2,203.534,161.486
31,16,3,207.17,149.922
31,17,1,207.182,1145.65
31,17,2,216.482,163.036
31,17,3,220.118,151.543
31,18,1,220.13,1145.65
31,18,2,229.43,164.509
31,18,3,233.066,153.097
31,19,1,233.078,1145.65
31,19,2,242.378,165.924
31,19,3,246.014,154.588
31,20,1,246.026,1145.65
31,20,2,255.326,167.309
31,20,3,258.963,156.034
32,1,1,0.0143112,1337.83
32,1,2,9.31431,88.9247
32,1,3,12.9507,78.6119
32,2,1,12.965,1337.83
32,2,2,22.265,120.561
32,2,3,25.9013,106.794
32,3,1,25.9157,1337.83
32,3,2,35.2157,139.764
32,3,3,38.852,124.622
32,4,1,38.8663,1337.83
32,4,2,48.1663,152.907
32,4,3,51.8027,137.201
32,5,1,51.817,1337.83
32,5,2,61.117,162.419
32,5,3,64.7534,146.506
32,6,1,64.7677,1337.83
32,6,2,74.0677,169.508
32,6,3,77.704,153.596
32,7,1,77.7184,1337.83
32,7,2,87.0184,174.989
32,7,3,90.6547,159.171
32,8,1,90.669,1337.83
32,8,2,99.969,179.384
32,8,3,103.605,163.709
32,9,1,103.62,1337.83
32,9,2,112.92,183.045
32,9,3,116.556,167.524
32,10,1,116.57,1337.83
32,10,2,125.87,186.234
32,10,3,129.507,170.848
32,11,1,129.521,1337.83
32,11,2,138.821,189.056
32,11,3,142.457,173.819
32,12,1,142.472,1337.83
32,12,2,151.772,191.645
32,12,3,155.408,176.531
32,13,1,155.422,1337.83
32,13,2,164.722,194.047
32,13,3,168.359,179.059
32,14,1,168.373,1337.83
32,14,2,177.673,196.321
32,14,3,181.309,181.441
32,15,1,181.324,1337.83
32,15,2,190.624,198.483
32,15,3,194.26,183.702
32,16,1,194.274,1337.83
32,16,2,203.574,200.549
32,16,3,207.211,185.861
32,17,1,207.225,1337.83
32,17,2,216.525,202.519
32,17,3,220.161,187.946
32,18,1,220.176,1337.83
32,18,2,229.476,204.425
32,18,3,233.112,189.942
32,19,1,233.126,1337.83
32,19,2,242.426,206.266
32,19,3,246.063,191.872
32,20,1,246.077,1337.83
32,20,2,255.377,208.064
32,20,3,259.013,193.755
33,1,1,0.017786,1533.95
33,1,2,9.31779,105.948
33,1,3,12.9541,92.9084
33,2,1,12.9719,1533.95
33,2,2,22.2719,145.028
33,2,3,25.9083,127.764
33,3,1,25.9261,1533.95
33,3,2,35.2261,168.528
33,3,3,38.8624,149.71
33,4,1,38.8802,1533.95
33,4,2,48.1802,184.413
33,4,3,51.8166,164.983
33,5,1,51.8344,1533.95
33,5,2,61.1344,195.932
33,5,3,64.7707,176.334
33,6,1,64.7885,1533.95
33,6,2,74.0885,204.94
33,6,3,77.7249,185.3
33,7,1,77.7427,1533.95
33,7,2,87.0427,212.086
33,7,3,90.679,192.533
33,8,1,90.6968,1533.95
33,8,2,99.9968,217.827
33,8,3,103.633,198.405
33,9,1,103.651,1533.95
33,9,2,112.951,222.585
33,9,3,116.587,203.332
33,10,1,116.605,1533.95
33,10,2,125.905,226.64
33,10,3,129.541,207.564
33,11,1,129.559,1533.95
33,11,2,138.859,230.212
33,11,3,142.496,211.294
33,12,1,142.513,1533.95
33,12,2,151.813,233.381
33,12,3,155.45,214.646
33,13,1,155.468,1533.95
33,13,2,164.768,236.297
33,13,3,168.404,217.732
33,14,1,168.422,1533.95
33,14,2,177.722,239.036
33,14,3,181.358,220.612
33,15,1,181.376,1533.95
33,15,2,190.676,241.616
33,15,3,194.312,223.33
33,16,1,194.33,1533.95
33,16,2,203.63,244.065
33,16,3,207.266,225.903
33,17,1,207.284,1533.95
33,17,2,216.584,246.434
33,17,3,220.221,228.384
33,18,1,220.238,1533.95
33,18,2,229.538,248.698
33,18,3,233.175,230.76
33,19,1,233.192,1533.95
33,19,2,242.492,250.889
33,19,3,246.129,233.065
33,20,1,246.147,1533.95
33,20,2,255.447,253.051
33,20,3,259.083,235.32
34,1,1,0.00356871,1501.72
34,1,2,9.30357,75.3238
34,1,3,12.9399,67.1607
34,2,1,12.9435,1501.72
34,2,2,22.2435,98.9819
34,2,3,25.8799,88.3046
34,3,1,25.8834,1501.72
34,3,2,35.1834,110.176
34,3,3,38.8198,99.0481
34,4,1,38.8234,1501.72
34,4,2,48.1234,116.001
34,4,3,51.7597,105.018
34,5,1,51.7633,1501.72
34,5,2,61.0633,119.776
34,5,3,64.699700000000007,109.036
34,6,1,64.7032,1501.72
34,6,2,74.0032,122.734
34,6,3,77.6396,112.189
34,7,1,77.6432,1501.72
34,7,2,86.9432,125.369
34,7,3,90.5795,114.953
34,8,1,90.5831,1501.72
34,8,2,99.8831,127.799
34,8,3,103.519,117.48
34,9,1,103.523,1501.72
34,9,2,112.823,130.104
34,9,3,116.459,119.85
34,10,1,116.463,1501.72
34,10,2,125.763,132.268
34,10,3,129.399,122.077
34,11,1,129.403,1501.72
34,11,2,138.703,134.304
34,11,3,142.339,124.158
34,12,1,142.343,1501.72
34,12,2,151.643,136.199
34,12,3,155.279,126.102
34,13,1,155.283,1501.72
34,13,2,164.583,137.993
34,13,3,168.219,127.932
34,14,1,168.223,1501.72
34,14,2,177.523,139.669
34,14,3,181.159,129.651
34,15,1,181.163,1501.72
34,15,2,190.463,141.26
34,15,3,194.099,131.273
34,16,1,194.103,1501.72
34,16,2,203.403,142.768
34,16,3,207.039,132.823
34,17,1,207.042,1501.72
34,17,2,216.342,144.191
34,17,3,219.979,134.305
34,18,1,219.982,1501.72
34,18,2,229.282,145.558
34,18,3,232.919,135.733
34,19,1,232.922,1501.72
34,19,2,242.222,146.894
34,19,3,245.859,137.124
34,20,1,245.862,1501.72
34,20,2,255.162,148.193
34,20,3,258.799,138.47
35,1,1,0.0140975,1550.96
35,1,2,9.3141,99.5729
35,1,3,12.9505,87.4692
35,2,1,12.9646,1550.96
35,2,2,22.2646,135.741
35,2,3,25.9009,119.641
35,3,1,25.915,1550.96
35,3,2,35.215,157.42
35,3,3,38.8514,139.806
35,4,1,38.8655,1550.96
35,4,2,48.1655,171.916
35,4,3,51.8018,153.722
35,5,1,51.8159,1550.96
35,5,2,61.1159,182.462
35,5,3,64.7523,164.076
35,6,1,64.7664,1550.96
35,6,2,74.0664,190.469
35,6,3,77.7028,172.081
35,7,1,77.7169,1550.96
35,7,2,87.0169,196.613
35,7,3,90.6532,178.354
35,8,1,90.6673,1550.96
35,8,2,99.9673,201.545
35,8,3,103.604,183.443
35,9,1,103.618,1550.96
35,9,2,112.918,205.644
35,9,3,116.554,187.734
35,10,1,116.568,1550.96
35,10,2,125.868,209.17
35,10,3,129.505,191.433
35,11,1,129.519,1550.96
35,11,2,138.819,212.289
35,11,3,142.455,194.707
35,12,1,142.469,1550.96
35,12,2,151.769,215.101
35,12,3,155.406,197.699
35,13,1,155.42,1550.96
35,13,2,164.72,217.727
35,13,3,168.356,200.483
35,14,1,168.37,1550.96
35,14,2,177.67,220.234
35,14,3,181.306,203.109
35,15,1,181.321,1550.96
35,15,2,190.621,222.594
35,15,3,194.257,205.587
35,16,1,194.271,1550.96
35,16,2,203.571,224.847
35,16,3,207.207,207.95
35,17,1,207.221,1550.96
35,17,2,216.521,227.012
35,17,3,220.158,210.226
35,18,1,220.172,1550.96
35,18,2,229.472,229.088
35,18,3,233.108,212.416
35,19,1,233.122,1550.96
35,19,2,242.422,231.111
35,19,3,246.059,214.536
35,20,1,246.073,1550.96
35,20,2,255.373,233.07
35,20,3,259.009,216.598
36,1,1,0.0147831,818.575
36,1,2,9.31478,61.7359
36,1,3,12.9511,55.8204
36,2,1,12.9659,818.575
36,2,2,22.2659,80.8891
36,2,3,25.9023,72.8919
36,3,1,25.9171,818.575
36,3,2,35.2171,92.7774
36,3,3,38.8534,83.9318
36,4,1,38.8682,818.575
36,4,2,48.1682,100.747
36,4,3,51.8046,91.5468
36,5,1,51.8194,818.575
36,5,2,61.1194,106.363
36,5,3,64.7557,97.0396
36,6,1,64.7705,818.575
36,6,2,74.0705,110.516
36,6,3,77.7069,101.186
36,7,1,77.7217,818.575
36,7,2,87.0217,113.71
36,7,3,90.658,104.436
36,8,1,90.6728,818.575
36,8,2,99.9728,116.3
36,8,3,103.609,107.103
36,9,1,103.624,818.575
36,9,2,112.924,118.518
36,9,3,116.56,109.384
36,10,1,116.575,818.575
36,10,2,125.875,120.437
36,10,3,129.511,111.395
36,11,1,129.526,818.575
36,11,2,138.826,122.193
36,11,3,142.463,113.212
36,12,1,142.477,818.575
36,12,2,151.777,123.791
36,12,3,155.414,114.887
36,13,1,155.429,818.575
36,13,2,164.729,125.297
36,13,3,168.365,116.439
36,14,1,168.38,818.575
36,14,2,177.68,126.715
36,14,3,181.316,117.897
36,15,1,181.331,818.575
36,15,2,190.631,128.054
36,15,3,194.267,119.277
36,16,1,194.282,818.575
36,16,2,203.582,129.331
36,16,3,207.218,120.592
36,17,1,207.233,818.575
36,17,2,216.533,130.525
36,17,3,220.169,121.845
36,18,1,220.184,818.575
36,18,2,229.484,131.679
36,18,3,233.121,123.065
36,19,1,233.135,818.575
36,19,2,242.435,132.791
36,19,3,246.072,124.236
36,20,1,246.087,818.575
36,20,2,255.387,133.869
36,20,3,259.023,125.368
37,1,1,0.0110461,1573.3
37,1,2,9.31105,95.2716
37,1,3,12.9474,83.9405
37,2,1,12.9585,1573.3
37,2,2,22.2585,129.817
37,2,3,25.8948,114.701
37,3,1,25.9059,1573.3
37,3,2,35.2059,150.402
37,3,3,38.8422,133.904
37,4,1,38.8533,1573.3
37,4,2,48.1533,164.095
37,4,3,51.7896,147.105
37,5,1,51.8007,1573.3
37,5,2,61.1007,174
37,5,3,64.737,156.852
37,6,1,64.7481,1573.3
37,6,2,74.0481,181.235
37,6,3,77.6845,164.155
37,7,1,77.6955,1573.3
37,7,2,86.9955,186.785
37,7,3,90.6319,169.866
37,8,1,90.6429,1573.3
37,8,2,99.9429,191.25
37,8,3,103.579,174.509
37,9,1,103.59,1573.3
37,9,2,112.89,195.023
37,9,3,116.527,178.469
37,10,1,116.538,1573.3
37,10,2,125.838,198.36
37,10,3,129.474,181.958
37,11,1,129.485,1573.3
37,11,2,138.785,201.343
37,11,3,142.422,185.098
37,12,1,142.433,1573.3
37,12,2,151.733,204.09
37,12,3,155.369,187.995
37,13,1,155.38,1573.3
37,13,2,164.68,206.684
37,13,3,168.316,190.719
37,14,1,168.327,1573.3
37,14,2,177.627,209.15
37,14,3,181.264,193.293
37,15,1,181.275,1573.3
37,15,2,190.575,211.507
37,15,3,194.211,195.751
37,16,1,194.222,1573.3
37,16,2,203.522,213.76
37,16,3,207.159,198.093
37,17,1,207.17,1573.3
37,17,2,216.47,215.917
37,17,3,220.106,200.345
37,18,1,220.117,1573.3
37,18,2,229.417,217.999
37,18,3,233.053,202.515
37,19,1,233.064,1573.3
37,19,2,242.364,220.004
37,19,3,246.001,204.603
37,20,1,246.012,1573.3
37,20,2,255.312,221.953
37,20,3,258.948,206.643
38,1,1,0.00453596,841.631
38,1,2,9.30454,53.1266
38,1,3,12.9409,48.5575
38,2,1,12.9454,841.631
38,2,2,22.2454,67.34
38,2,3,25.8818,61.2696
38,3,1,25.8863,841.631
38,3,2,35.1863,74.1346
38,3,3,38.8227,67.7891
38,4,1,38.8272,841.631
38,4,2,48.1272,77.8272
38,4,3,51.7636,71.5478
38,5,1,51.7681,841.631
38,5,2,61.0681,80.256
38,5,3,64.7045,74.0895
38,6,1,64.709,841.631
38,6,2,74.009,82.1838
38,6,3,77.6454,76.1077
38,7,1,77.6499,841.631
38,7,2,86.9499,83.9107
38,7,3,90.5863,77.8813
38,8,1,90.5908,841.631
38,8,2,99.8908,85.4683
38,8,3,103.527,79.5104
38,9,1,103.532,841.631
38,9,2,112.832,86.9412
38,9,3,116.468,81
38,10,1,116.473,841.631
38,10,2,125.773,88.3128
38,10,3,129.409,82.4032
38,11,1,129.414,841.631
38,11,2,138.714,89.6254
38,11,3,142.35,83.7221
38,12,1,142.354,841.631
38,12,2,151.654,90.816
38,12,3,155.291,84.9544
38,13,1,155.295,841.631
38,13,2,164.595,91.9368
38,13,3,168.232,86.0863
38,14,1,168.236,841.631
38,14,2,177.536,92.9785
38,14,3,181.173,87.1507
38,15,1,181.177,841.631
38,15,2,190.477,93.9806
38,15,3,194.113,88.1634
38,16,1,194.118,841.631
38,16,2,203.418,94.9501
38,16,3,207.054,89.1387
38,17,1,207.059,841.631
38,17,2,216.359,95.8189
38,17,3,219.995,90.0376
38,18,1,220,841.631
38,18,2,229.3,96.6563
38,18,3,232.936,90.9172
38,19,1,232.941,841.631
38,19,2,242.241,97.4641
38,19,3,245.877,91.7546
38,20,1,245.882,841.631
38,20,2,255.182,98.2418
38,20,3,258.818,92.5737
39,1,1,0.00750456,1085.58
39,1,2,9.3075,66.6071
39,1,3,12.9439,59.897
39,2,1,12.9514,1085.58
39,2,2,22.2514,88.1602
39,2,3,25.8877,79.1394
39,3,1,25.8952,1085.58
39,3,2,35.1952,100.799
39,3,3,38.8316,90.9506
39,4,1,38.8391,1085.58
39,4,2,48.1391,108.609
39,4,3,51.7755,98.5253
39,5,1,51.783,1085.58
39,5,2,61.083,113.722
39,5,3,64.7193,103.668
39,6,1,64.7268,1085.58
39,6,2,74.0268,117.407
39,6,3,77.6632,107.465
39,7,1,77.6707,1085.58
39,7,2,86.9707,120.328
39,7,3,90.6071,110.506
39,8,1,90.6146,1085.58
39,8,2,99.9146,122.819
39,8,3,103.551,113.107
39,9,1,103.558,1085.58
39,9,2,112.858,125.073
39,9,3,116.495,115.438
39,10,1,116.502,1085.58
39,10,2,125.802,127.141
39,10,3,129.439,117.581
39,11,1,129.446,1085.58
39,11,2,138.746,129.081
39,11,3,142.383,119.573
39,12,1,142.39,1085.58
39,12,2,151.69,130.897
39,12,3,155.326,121.438
39,13,1,155.334,1085.58
39,13,2,164.634,132.605
39,13,3,168.27,123.193
39,14,1,168.278,1085.58
39,14,2,177.578,134.224
39,14,3,181.214,124.844
39,15,1,181.222,1085.58
39,15,2,190.522,135.758
39,15,3,194.158,126.41
39,16,1,194.166,1085.58
39,16,2,203.466,137.214
39,16,3,207.102,127.905
39,17,1,207.109,1085.58
39,17,2,216.409,138.597
39,17,3,220.046,129.347
39,18,1,220.053,1085.58
39,18,2,229.353,139.912
39,18,3,232.99,130.724
39,19,1,232.997,1085.58
39,19,2,242.297,141.187
39,19,3,245.933,132.058
39,20,1,245.941,1085.58
39,20,2,255.241,142.433
39,20,3,258.877,133.355
4,1,1,0.0086726,1258.04
4,1,2,9.30867,75.3057
4,1,3,12.945,67.1221
4,2,1,12.9537,1258.04
4,2,2,22.2537,100.524
4,2,3,25.8901,89.5724
4,3,1,25.8987,1258.04
4,3,2,35.1987,115.655
4,3,3,38.8351,103.569
4,4,1,38.8438,1258.04
4,4,2,48.1438,125.267
4,4,3,51.7801,112.813
4,5,1,51.7888,1258.04
4,5,2,61.0888,131.683
4,5,3,64.7252,119.204
4,6,1,64.7339,1258.04
4,6,2,74.0339,136.227
4,6,3,77.6702,123.851
4,7,1,77.6789,1258.04
4,7,2,86.9789,139.71
4,7,3,90.6153,127.483
4,8,1,90.6239,1258.04
4,8,2,99.9239,142.59
4,8,3,103.56,130.503
4,9,1,103.569,1258.04
4,9,2,112.869,145.099
4,9,3,116.505,133.139
4,10,1,116.514,1258.04
4,10,2,125.814,147.391
4,10,3,129.45,135.537
4,11,1,129.459,1258.04
4,11,2,138.759,149.496
4,11,3,142.395,137.727
4,12,1,142.404,1258.04
4,12,2,151.704,151.472
4,12,3,155.34,139.786
4,13,1,155.349,1258.04
4,13,2,164.649,153.337
4,13,3,168.285,141.717
4,14,1,168.294,1258.04
4,14,2,177.594,155.104
4,14,3,181.231,143.551
4,15,1,181.239,1258.04
4,15,2,190.539,156.797
4,15,3,194.176,145.309
4,16,1,194.184,1258.04
4,16,2,203.484,158.402
4,16,3,207.121,146.979
4,17,1,207.129,1258.04
4,17,2,216.429,159.939
4,17,3,220.066,148.585
4,18,1,220.074,1258.04
4,18,2,229.374,161.393
4,18,3,233.011,150.114
4,19,1,233.019,1258.04
4,19,2,242.319,162.803
4,19,3,245.956,151.603
4,20,1,245.964,1258.04
4,20,2,255.264,164.175
4,20,3,258.901,153.041
40,1,1,0.00926961,953.696
40,1,2,9.30927,62.4265
40,1,3,12.9456,56.3522
40,2,1,12.9549,953.696
40,2,2,22.2549,81.7714
40,2,3,25.8913,73.5487
40,3,1,25.9005,953.696
40,3,2,35.2005,93.4272
40,3,3,38.8369,84.3917
40,4,1,38.8462,953.696
40,4,2,48.1462,100.751
40,4,3,51.7825,91.4283
40,5,1,51.7918,953.696
40,5,2,61.0918,105.601
40,5,3,64.7282,96.2427
40,6,1,64.7374,953.696
40,6,2,74.0374,109.077
40,6,3,77.6738,99.7797
40,7,1,77.6831,953.696
40,7,2,86.9831,111.74
40,7,3,90.6194,102.549
40,8,1,90.6287,953.696
40,8,2,99.9287,113.961
40,8,3,103.565,104.873
40,9,1,103.574,953.696
40,9,2,112.874,115.94
40,9,3,116.511,106.923
40,10,1,116.52,953.696
40,10,2,125.82,117.718
40,10,3,129.456,108.79
40,11,1,129.466,953.696
40,11,2,138.766,119.385
40,11,3,142.402,110.512
40,12,1,142.411,953.696
40,12,2,151.711,120.936
40,12,3,155.348,112.118
40,13,1,155.357,953.696
40,13,2,164.657,122.39
40,13,3,168.293,113.626
40,14,1,168.303,953.696
40,14,2,177.603,123.771
40,14,3,181.239,115.053
40,15,1,181.248,953.696
40,15,2,190.548,125.088
40,15,3,194.184,116.407
40,16,1,194.194,953.696
40,16,2,203.494,126.325
40,16,3,207.13,117.692
40,17,1,207.139,953.696
40,17,2,216.439,127.49
40,17,3,220.076,118.916
40,18,1,220.085,953.696
40,18,2,229.385,128.617
40,18,3,233.021,120.1
40,19,1,233.031,953.696
40,19,2,242.331,129.706
40,19,3,245.967,121.248
40,20,1,245.976,953.696
40,20,2,255.276,130.763
40,20,3,258.913,122.359
41,1,1,0.018156,1287.53
41,1,2,9.31816,91.2777
41,1,3,12.9545,80.5327
41,2,1,12.9727,1287.53
41,2,2,22.2727,123.806
41,2,3,25.909,109.466
41,3,1,25.9272,1287.53
41,3,2,35.2272,143.473
41,3,3,38.8636,127.696
41,4,1,38.8817,1287.53
41,4,2,48.1817,156.932
41,4,3,51.8181,140.546
41,5,1,51.8362,1287.53
41,5,2,61.1362,166.829
41,5,3,64.7726,150.197
41,6,1,64.7908,1287.53
41,6,2,74.0908,174.328
41,6,3,77.7271,157.658
41,7,1,77.7453,1287.53
41,7,2,87.0453,180.173
41,7,3,90.6816,163.569
41,8,1,90.6998,1287.53
41,8,2,99.9998,184.883
41,8,3,103.636,168.391
41,9,1,103.654,1287.53
41,9,2,112.954,188.792
41,9,3,116.591,172.439
41,10,1,116.609,1287.53
41,10,2,125.909,192.127
41,10,3,129.545,175.91
41,11,1,129.563,1287.53
41,11,2,138.863,195.037
41,11,3,142.5,178.976
41,12,1,142.518,1287.53
41,12,2,151.818,197.644
41,12,3,155.454,181.73
41,13,1,155.472,1287.53
41,13,2,164.772,200.058
41,13,3,168.409,184.282
41,14,1,168.427,1287.53
41,14,2,177.727,202.322
41,14,3,181.363,186.665
41,15,1,181.381,1287.53
41,15,2,190.681,204.459
41,15,3,194.318,188.916
41,16,1,194.336,1287.53
41,16,2,203.636,206.497
41,16,3,207.272,191.061
41,17,1,207.29,1287.53
41,17,2,216.59,208.426
41,17,3,220.227,193.116
41,18,1,220.245,1287.53
41,18,2,229.545,210.302
41,18,3,233.181,195.095
41,19,1,233.2,1287.53
41,19,2,242.5,212.104
41,19,3,246.136,197.004
41,20,1,246.154,1287.53
41,20,2,255.454,213.857
41,20,3,259.09,198.859
42,1,1,0.00542298,1275.81
42,1,2,9.30542,70.6321
42,1,3,12.9418,63.2517
42,2,1,12.9472,1275.81
42,2,2,22.2472,93.7811
42,2,3,25.8836,83.863
42,3,1,25.889,1275.81
42,3,2,35.189,106.299
42,3,3,38.8254,95.644
42,4,1,38.8308,1275.81
42,4,2,48.1308,113.492
42,4,3,51.7671,102.753
42,5,1,51.7726,1275.81
42,5,2,61.0726,118.064
42,5,3,64.7089,107.46
42,6,1,64.7144,1275.81
42,6,2,74.0144,121.393
42,6,3,77.6507,110.956
42,7,1,77.6561,1275.81
42,7,2,86.9561,124.134
42,7,3,90.5925,113.833
42,8,1,90.5979,1275.81
42,8,2,99.8979,126.549
42,8,3,103.534,116.368
42,9,1,103.54,1275.81
42,9,2,112.84,128.799
42,9,3,116.476,118.698
42,10,1,116.482,1275.81
42,10,2,125.782,130.893
42,10,3,129.418,120.863
42,11,1,129.423,1275.81
42,11,2,138.723,132.868
42,11,3,142.36,122.908
42,12,1,142.365,1275.81
42,12,2,151.665,134.723
42,12,3,155.301,124.811
42,13,1,155.307,1275.81
42,13,2,164.607,136.488
42,13,3,168.243,126.606
42,14,1,168.249,1275.81
42,14,2,177.549,138.143
42,14,3,181.185,128.293
42,15,1,181.19,1275.81
42,15,2,190.49,139.707
42,15,3,194.127,129.892
42,16,1,194.132,1275.81
42,16,2,203.432,141.19
42,16,3,207.069,131.419
42,17,1,207.074,1275.81
42,17,2,216.374,142.596
42,17,3,220.01,132.884
42,18,1,220.016,1275.81
42,18,2,229.316,143.947
42,18,3,232.952,134.295
42,19,1,232.958,1275.81
42,19,2,242.258,145.261
42,19,3,245.894,135.668
42,20,1,245.899,1275.81
42,20,2,255.199,146.544
42,20,3,258.836,136.999
43,1,1,0.0165975,1442.23
43,1,2,9.3166,98.9121
43,1,3,12.953,87.0685
43,2,1,12.9696,1442.23
43,2,2,22.2696,135.188
43,2,3,25.9059,119.404
43,3,1,25.9225,1442.23
43,3,2,35.2225,157.228
43,3,3,38.8589,139.947
43,4,1,38.8755,1442.23
43,4,2,48.1755,172.196
43,4,3,51.8118,154.332
43,5,1,51.8284,1442.23
43,5,2,61.1284,183.23
43,5,3,64.7648,165.149
43,6,1,64.7814,1442.23
43,6,2,74.0814,191.702
43,6,3,77.7178,173.59
43,7,1,77.7344,1442.23
43,7,2,87.0344,198.28
43,7,3,90.6707,180.277
43,8,1,90.6873,1442.23
43,8,2,99.9873,203.584
43,8,3,103.624,185.727
43,9,1,103.64,1442.23
43,9,2,112.94,208.029
43,9,3,116.577,190.338
43,10,1,116.593,1442.23
43,10,2,125.893,211.834
43,10,3,129.53,194.31
43,11,1,129.546,1442.23
43,11,2,138.846,215.17
43,11,3,142.483,197.802
43,12,1,142.499,1442.23
43,12,2,151.799,218.197
43,12,3,155.436,200.982
43,13,1,155.452,1442.23
43,13,2,164.752,220.962
43,13,3,168.388,203.906
43,14,1,168.405,1442.23
43,14,2,177.705,223.602
43,14,3,181.341,206.656
43,15,1,181.358,1442.23
43,15,2,190.658,226.077
43,15,3,194.294,209.248
43,16,1,194.311,1442.23
43,16,2,203.611,228.446
43,16,3,207.247,211.716
43,17,1,207.264,1442.23
43,17,2,216.564,230.711
43,17,3,220.2,214.085
43,18,1,220.217,1442.23
43,18,2,229.517,232.885
43,18,3,233.153,216.369
43,19,1,233.17,1442.23
43,19,2,242.47,234.995
43,19,3,246.106,218.57
43,20,1,246.123,1442.23
43,20,2,255.423,237.041
43,20,3,259.059,220.726
44,1,1,0.0192361,1218.9
44,1,2,9.31924,89.572
44,1,3,12.9556,79.2308
44,2,1,12.9748,1218.9
44,2,2,22.2748,121.557
44,2,3,25.9112,107.753
44,3,1,25.9304,1218.9
44,3,2,35.2304,141.023
44,3,3,38.8668,125.84
44,4,1,38.886,1218.9
44,4,2,48.186,154.474
44,4,3,51.8224,138.723
44,5,1,51.8416,1218.9
44,5,2,61.1416,164.421
44,5,3,64.778,148.434
44,6,1,64.7972,1218.9
44,6,2,74.0972,172.038
44,6,3,77.7336,156.003
44,7,1,77.7528,1218.9
44,7,2,87.0528,178.026
44,7,3,90.6892,162.038
44,8,1,90.7084,1218.9
44,8,2,100.008,182.868
44,8,3,103.645,166.981
44,9,1,103.664,1218.9
44,9,2,112.964,186.894
44,9,3,116.6,171.14
44,10,1,116.62,1218.9
44,10,2,125.92,190.334
44,10,3,129.556,174.708
44,11,1,129.575,1218.9
44,11,2,138.875,193.338
44,11,3,142.512,177.849
44,12,1,142.531,1218.9
44,12,2,151.831,196.037
44,12,3,155.467,180.68
44,13,1,155.486,1218.9
44,13,2,164.786,198.53
44,13,3,168.423,183.295
44,14,1,168.442,1218.9
44,14,2,177.742,200.859
44,14,3,181.378,185.733
44,15,1,181.398,1218.9
44,15,2,190.698,203.043
44,15,3,194.334,188.026
44,16,1,194.353,1218.9
44,16,2,203.653,205.128
44,16,3,207.29,190.207
44,17,1,207.309,1218.9
44,17,2,216.609,207.117
44,17,3,220.245,192.302
44,18,1,220.264,1218.9
44,18,2,229.564,209.024
44,18,3,233.201,194.307
44,19,1,233.22,1218.9
44,19,2,242.52,210.866
44,19,3,246.156,196.245
44,20,1,246.176,1218.9
44,20,2,255.476,212.66
44,20,3,259.112,198.127
45,1,1,0.0105195,1364.16
45,1,2,9.31052,83.5916
45,1,3,12.9469,74.0752
45,2,1,12.9574,1364.16
45,2,2,22.2574,112.53
45,2,3,25.8938,99.8345
45,3,1,25.9043,1364.16
45,3,2,35.2043,130.118
45,3,3,38.8406,116.08
45,4,1,38.8512,1364.16
45,4,2,48.1512,141.69
45,4,3,51.7875,127.205
45,5,1,51.7981,1364.16
45,5,2,61.0981,149.703
45,5,3,64.7344,135.112
45,6,1,64.7449,1364.16
45,6,2,74.0449,155.51
45,6,3,77.6813,140.978
45,7,1,77.6918,1364.16
45,7,2,86.9918,159.905
45,7,3,90.6282,145.525
45,8,1,90.6387,1364.16
45,8,2,99.9387,163.464
45,8,3,103.575,149.245
45,9,1,103.586,1364.16
45,9,2,112.886,166.507
45,9,3,116.522,152.444
45,10,1,116.532,1364.16
45,10,2,125.832,169.231
45,10,3,129.469,155.292
45,11,1,129.479,1364.16
45,11,2,138.779,171.706
45,11,3,142.416,157.877
45,12,1,142.426,1364.16
45,12,2,151.726,173.987
45,12,3,155.363,160.264
45,13,1,155.373,1364.16
45,13,2,164.673,176.136
45,13,3,168.309,162.515
45,14,1,168.32,1364.16
45,14,2,177.62,178.182
45,14,3,181.256,164.653
45,15,1,181.267,1364.16
45,15,2,190.567,180.14
45,15,3,194.203,166.691
45,16,1,194.214,1364.16
45,16,2,203.514,182.016
45,16,3,207.15,168.645
45,17,1,207.161,1364.16
45,17,2,216.461,183.808
45,17,3,220.097,170.518
45,18,1,220.108,1364.16
45,18,2,229.408,185.525
45,18,3,233.044,172.323
45,19,1,233.054,1364.16
45,19,2,242.354,187.19
45,19,3,245.991,174.065
45,20,1,246.001,1364.16
45,20,2,255.301,188.798
45,20,3,258.938,175.757
46,1,1,0.0187446,1205.54
46,1,2,9.31874,87.6256
46,1,3,12.9551,77.5167
46,2,1,12.9739,1205.54
46,2,2,22.2739,118.431
46,2,3,25.9102,104.968
46,3,1,25.929,1205.54
46,3,2,35.229,137.158
46,3,3,38.8653,122.337
46,4,1,38.8841,1205.54
46,4,2,48.1841,150.071
46,4,3,51.8204,134.681
46,5,1,51.8392,1205.54
46,5,2,61.1392,159.574
46,5,3,64.7755,143.937
46,6,1,64.7943,1205.54
46,6,2,74.0943,166.789
46,6,3,77.7306,151.09
46,7,1,77.7494,1205.54
46,7,2,87.0494,172.435
46,7,3,90.6858,156.787
46,8,1,90.7045,1205.54
46,8,2,100.005,176.967
46,8,3,103.641,161.429
46,9,1,103.66,1205.54
46,9,2,112.96,180.741
46,9,3,116.596,165.332
46,10,1,116.615,1205.54
46,10,2,125.915,183.971
46,10,3,129.551,168.682
46,11,1,129.57,1205.54
46,11,2,138.87,186.796
46,11,3,142.506,171.642
46,12,1,142.525,1205.54
46,12,2,151.825,189.327
46,12,3,155.461,174.308
46,13,1,155.48,1205.54
46,13,2,164.78,191.661
46,13,3,168.416,176.768
46,14,1,168.435,1205.54
46,14,2,177.735,193.846
46,14,3,181.372,179.064
46,15,1,181.39,1205.54
46,15,2,190.69,195.907
46,15,3,194.327,181.229
46,16,1,194.345,1205.54
46,16,2,203.645,197.875
46,16,3,207.282,183.293
46,17,1,207.3,1205.54
46,17,2,216.6,199.738
46,17,3,220.237,185.273
46,18,1,220.256,1205.54
46,18,2,229.556,201.53
46,18,3,233.192,187.167
46,19,1,233.211,1205.54
46,19,2,242.511,203.259
46,19,3,246.147,188.997
46,20,1,246.166,1205.54
46,20,2,255.466,204.947
46,20,3,259.102,190.778
47,1,1,0.0154313,1057.34
47,1,2,9.31543,74.3971
47,1,3,12.9518,66.3859
47,2,1,12.9672,1057.34
47,2,2,22.2672,99.2837
47,2,3,25.9036,88.5446
47,3,1,25.919,1057.34
47,3,2,35.219,114.614
47,3,3,38.8554,102.7
47,4,1,38.8708,1057.34
47,4,2,48.1708,125.097
47,4,3,51.8072,112.656
47,5,1,51.8226,1057.34
47,5,2,61.1226,132.617
47,5,3,64.759,119.984
47,6,1,64.7744,1057.34
47,6,2,74.0744,138.168
47,6,3,77.7108,125.506
47,7,1,77.7262,1057.34
47,7,2,87.0262,142.423
47,7,3,90.6626,129.833
47,8,1,90.678,1057.34
47,8,2,99.978,145.833
47,8,3,103.614,133.342
47,9,1,103.63,1057.34
47,9,2,112.93,148.679
47,9,3,116.566,136.301
47,10,1,116.582,1057.34
47,10,2,125.882,151.155
47,10,3,129.518,138.891
47,11,1,129.533,1057.34
47,11,2,138.833,153.365
47,11,3,142.47,141.2
47,12,1,142.485,1057.34
47,12,2,151.785,155.367
47,12,3,155.422,143.3
47,13,1,155.437,1057.34
47,13,2,164.737,157.231
47,13,3,168.373,145.25
47,14,1,168.389,1057.34
47,14,2,177.689,158.978
47,14,3,181.325,147.078
47,15,1,181.341,1057.34
47,15,2,190.641,160.639
47,15,3,194.277,148.82
47,16,1,194.292,1057.34
47,16,2,203.592,162.223
47,16,3,207.229,150.482
47,17,1,207.244,1057.34
47,17,2,216.544,163.734
47,17,3,220.181,152.072
47,18,1,220.196,1057.34
47,18,2,229.496,165.178
47,18,3,233.132,153.601
47,19,1,233.148,1057.34
47,19,2,242.448,166.566
47,19,3,246.084,155.071
47,20,1,246.1,1057.34
47,20,2,255.4,167.918
47,20,3,259.036,156.497
48,1,1,0.00844109,1171.2
48,1,2,9.30844,71.8461
48,1,3,12.9448,64.3051
48,2,1,12.9532,1171.2
48,2,2,22.2532,96.0702
48,2,3,25.8896,85.9395
48,3,1,25.8981,1171.2
48,3,2,35.1981,110.55
48,3,3,38.8344,99.4207
48,4,1,38.8429,1171.2
48,4,2,48.1429,119.825
48,4,3,51.7792,108.367
48,5,1,51.7877,1171.2
48,5,2,61.0877,126
48,5,3,64.724,114.54
48,6,1,64.7325,1171.2
48,6,2,74.0325,130.463
48,6,3,77.6688,119.098
48,7,1,77.6773,1171.2
48,7,2,86.9773,133.943
48,7,3,90.6136,122.702
48,8,1,90.6221,1171.2
48,8,2,99.9221,136.834
48,8,3,103.558,125.722
48,9,1,103.567,1171.2
48,9,2,112.867,139.405
48,9,3,116.503,128.394
48,10,1,116.512,1171.2
48,10,2,125.812,141.742
48,10,3,129.448,130.818
48,11,1,129.456,1171.2
48,11,2,138.756,143.905
48,11,3,142.393,133.052
48,12,1,142.401,1171.2
48,12,2,151.701,145.923
48,12,3,155.338,135.137
48,13,1,155.346,1171.2
48,13,2,164.646,147.826
48,13,3,168.282,137.09
48,14,1,168.291,1171.2
48,14,2,177.591,149.634
48,14,3,181.227,138.944
48,15,1,181.236,1171.2
48,15,2,190.536,151.345
48,15,3,194.172,140.702
48,16,1,194.181,1171.2
48,16,2,203.481,152.981
48,16,3,207.117,142.389
48,17,1,207.125,1171.2
48,17,2,216.425,154.521
48,17,3,220.062,143.994
48,18,1,220.07,1171.2
48,18,2,229.37,155.995
48,18,3,233.006,145.534
48,19,1,233.015,1171.2
48,19,2,242.315,157.426
48,19,3,245.951,147.03
48,20,1,245.96,1171.2
48,20,2,255.26,158.82
48,20,3,258.896,148.475
49,1,1,0.00821769,931.782
49,1,2,9.30822,60.5462
49,1,3,12.9446,54.811
49,2,1,12.9528,931.782
49,2,2,22.2528,79.1253
49,2,3,25.8892,71.3314
49,3,1,25.8974,931.782
49,3,2,35.1974,90.1528
49,3,3,38.8337,81.6163
49,4,1,38.842,931.782
49,4,2,48.142,96.8641
49,4,3,51.7783,88.1353
49,5,1,51.7865,931.782
49,5,2,61.0865,101.275
49,5,3,64.7229,92.5669
49,6,1,64.7311,931.782
49,6,2,74.0311,104.462
49,6,3,77.6675,95.8378
49,7,1,77.6757,931.782
49,7,2,86.9757,106.949
49,7,3,90.6121,98.4299
49,8,1,90.6203,931.782
49,8,2,99.9203,109.085
49,8,3,103.557,100.649
49,9,1,103.565,931.782
49,9,2,112.865,111.002
49,9,3,116.501,102.621
49,10,1,116.509,931.782
49,10,2,125.809,112.747
49,10,3,129.446,104.43
49,11,1,129.454,931.782
49,11,2,138.754,114.371
49,11,3,142.39,106.125
49,12,1,142.399,931.782
49,12,2,151.699,115.908
49,12,3,155.335,107.69
49,13,1,155.343,931.782
49,13,2,164.643,117.343
49,13,3,168.28,109.17
49,14,1,168.288,931.782
49,14,2,177.588,118.714
49,14,3,181.224,110.569
49,15,1,181.232,931.782
49,15,2,190.532,120.015
49,15,3,194.169,111.891
49,16,1,194.177,931.782
49,16,2,203.477,121.241
49,16,3,207.113,113.149
49,17,1,207.122,931.782
49,17,2,216.422,122.399
49,17,3,220.058,114.354
49,18,1,220.066,931.782
49,18,2,229.366,123.501
49,18,3,233.002,115.513
49,19,1,233.011,931.782
49,19,2,242.311,124.569
49,19,3,245.947,116.635
49,20,1,245.955,931.782
49,20,2,255.255,125.606
49,20,3,258.892,117.721
5,1,1,0.0150567,1068.59
5,1,2,9.31506,75.7981
5,1,3,12.9514,67.6415
5,2,1,12.9665,1068.59
5,2,2,22.2665,101.665
5,2,3,25.9028,90.7968
5,3,1,25.9179,1068.59
5,3,2,35.2179,117.807
5,3,3,38.8543,105.764
5,4,1,38.8693,1068.59
5,4,2,48.1693,128.931
5,4,3,51.8057,116.384
5,5,1,51.8207,1068.59
5,5,2,61.1207,136.991
5,5,3,64.7571,124.249
5,6,1,64.7722,1068.59
5,6,2,74.0722,143.009
5,6,3,77.7085,130.239
5,7,1,77.7236,1068.59
5,7,2,87.0236,147.658
5,7,3,90.6599,134.952
5,8,1,90.675,1068.59
5,8,2,99.975,151.417
5,8,3,103.611,138.806
5,9,1,103.626,1068.59
5,9,2,112.926,154.566
5,9,3,116.563,142.067
5,10,1,116.578,1068.59
5,10,2,125.878,157.317
5,10,3,129.514,144.933
5,11,1,129.529,1068.59
5,11,2,138.829,159.776
5,11,3,142.466,147.492
5,12,1,142.481,1068.59
5,12,2,151.781,162.029
5,12,3,155.417,149.83
5,13,1,155.432,1068.59
5,13,2,164.732,164.113
5,13,3,168.368,151.998
5,14,1,168.384,1068.59
5,14,2,177.684,166.081
5,14,3,181.32,154.036
5,15,1,181.335,1068.59
5,15,2,190.635,167.949
5,15,3,194.271,155.973
5,16,1,194.286,1068.59
5,16,2,203.586,169.721
5,16,3,207.223,157.82
5,17,1,207.238,1068.59
5,17,2,216.538,171.413
5,17,3,220.174,159.588
5,18,1,220.189,1068.59
5,18,2,229.489,173.028
5,18,3,233.126,161.284
5,19,1,233.141,1068.59
5,19,2,242.441,174.592
5,19,3,246.077,162.918
5,20,1,246.092,1068.59
5,20,2,255.392,176.101
5,20,3,259.028,164.499
50,1,1,0.01743,1456.95
50,1,2,9.31743,100.254
50,1,3,12.9538,88.0696
50,2,1,12.9712,1456.95
50,2,2,22.2712,136.734
50,2,3,25.9076,120.548
50,3,1,25.925,1456.95
50,3,2,35.225,158.762
50,3,3,38.8614,141.03
50,4,1,38.8788,1456.95
50,4,2,48.1788,173.652
50,4,3,51.8152,155.297
50,5,1,51.8326,1456.95
50,5,2,61.1326,184.524
50,5,3,64.769,165.95
50,6,1,64.7864,1456.95
50,6,2,74.0864,192.887
50,6,3,77.7228,174.282
50,7,1,77.7402,1456.95
50,7,2,87.0402,199.439
50,7,3,90.6766,180.917
50,8,1,90.694,1456.95
50,8,2,99.994,204.681
50,8,3,103.63,186.29
50,9,1,103.648,1456.95
50,9,2,112.948,209.03
50,9,3,116.584,190.819
50,10,1,116.602,1456.95
50,10,2,125.902,212.758
50,10,3,129.538,194.709
50,11,1,129.555,1456.95
50,11,2,138.855,216.01
50,11,3,142.492,198.118
50,12,1,142.509,1456.95
50,12,2,151.809,218.89
50,12,3,155.446,201.182
50,13,1,155.463,1456.95
50,13,2,164.763,221.566
50,13,3,168.399,204.016
50,14,1,168.417,1456.95
50,14,2,177.717,224.077
50,14,3,181.353,206.658
50,15,1,181.371,1456.95
50,15,2,190.671,226.451
50,15,3,194.307,209.156
50,16,1,194.324,1456.95
50,16,2,203.624,228.713
50,16,3,207.261,211.533
50,17,1,207.278,1456.95
50,17,2,216.578,230.863
50,17,3,220.214,213.807
50,18,1,220.232,1456.95
50,18,2,229.532,232.938
50,18,3,233.168,215.995
50,19,1,233.186,1456.95
50,19,2,242.486,234.953
50,19,3,246.122,218.117
50,20,1,246.14,1456.95
50,20,2,255.44,236.923
50,20,3,259.076,220.184
51,1,1,0.0158364,1044.53
51,1,2,9.31584,74.2737
51,1,3,12.9522,66.3031
51,2,1,12.968,1044.53
51,2,2,22.268,99.1819
51,2,3,25.9044,88.4812
51,3,1,25.9202,1044.53
51,3,2,35.2202,114.516
51,3,3,38.8566,102.667
51,4,1,38.8724,1044.53
51,4,2,48.1724,125.061
51,4,3,51.8088,112.688
51,5,1,51.8246,1044.53
51,5,2,61.1246,132.655
51,5,3,64.761,120.084
51,6,1,64.7768,1044.53
51,6,2,74.0768,138.274
51,6,3,77.7132,125.669
51,7,1,77.729,1044.53
51,7,2,87.029,142.593
51,7,3,90.6654,130.055
51,8,1,90.6812,1044.53
51,8,2,99.9812,146.059
51,8,3,103.618,133.616
51,9,1,103.633,1044.53
51,9,2,112.933,148.952
51,9,3,116.57,136.625
51,10,1,116.586,1044.53
51,10,2,125.886,151.477
51,10,3,129.522,139.259
51,11,1,129.538,1044.53
51,11,2,138.838,153.721
51,11,3,142.474,141.604
51,12,1,142.49,1044.53
51,12,2,151.79,155.761
51,12,3,155.426,143.741
51,13,1,155.442,1044.53
51,13,2,164.742,157.653
51,13,3,168.379,145.72
51,14,1,168.394,1044.53
51,14,2,177.694,159.426
51,14,3,181.331,147.576
51,15,1,181.347,1044.53
51,15,2,190.647,161.116
51,15,3,194.283,149.348
51,16,1,194.299,1044.53
51,16,2,203.599,162.728
51,16,3,207.235,151.037
51,17,1,207.251,1044.53
51,17,2,216.551,164.268
51,17,3,220.187,152.657
51,18,1,220.203,1044.53
51,18,2,229.503,165.735
51,18,3,233.14,154.209
51,19,1,233.155,1044.53
51,19,2,242.455,167.151
51,19,3,246.092,155.709
51,20,1,246.108,1044.53
51,20,2,255.408,168.53
51,20,3,259.044,157.163
52,1,1,0.0193115,964.972
52,1,2,9.31931,73.5895
52,1,3,12.9557,65.7754
52,2,1,12.975,964.972
52,2,2,22.275,98.2169
52,2,3,25.9114,87.7231
52,3,1,25.9307,964.972
52,3,2,35.2307,113.493
52,3,3,38.867,101.876
52,4,1,38.8863,964.972
52,4,2,48.1863,124.113
52,4,3,51.8227,111.981
52,5,1,51.842,964.972
52,5,2,61.142,131.88
52,5,3,64.7784,119.523
52,6,1,64.7977,964.972
52,6,2,74.0977,137.72
52,6,3,77.7341,125.302
52,7,1,77.7534,964.972
52,7,2,87.0534,142.259
52,7,3,90.6897,129.874
52,8,1,90.709,964.972
52,8,2,100.009,145.902
52,8,3,103.645,133.595
52,9,1,103.665,964.972
52,9,2,112.965,148.935
52,9,3,116.601,136.733
52,10,1,116.62,964.972
52,10,2,125.92,151.561
52,10,3,129.557,139.462
52,11,1,129.576,964.972
52,11,2,138.876,153.871
52,11,3,142.512,141.867
52,12,1,142.532,964.972
52,12,2,151.832,155.944
52,12,3,155.468,144.042
52,13,1,155.487,964.972
52,13,2,164.787,157.859
52,13,3,168.424,146.042
52,14,1,168.443,964.972
52,14,2,177.743,159.639
52,14,3,181.379,147.902
52,15,1,181.399,964.972
52,15,2,190.699,161.342
52,15,3,194.335,149.675
52,16,1,194.354,964.972
52,16,2,203.654,162.952
52,16,3,207.291,151.36
52,17,1,207.31,964.972
52,17,2,216.61,164.483
52,17,3,220.246,152.972
52,18,1,220.266,964.972
52,18,2,229.566,165.944
52,18,3,233.202,154.518
52,19,1,233.221,964.972
52,19,2,242.521,167.354
52,19,3,246.158,156.005
52,20,1,246.177,964.972
52,20,2,255.477,168.73
52,20,3,259.114,157.446
53,1,1,0.00670703,1024.26
53,1,2,9.30671,63.3258
53,1,3,12.9431,57.1079
53,2,1,12.9498,1024.26
53,2,2,22.2498,83.1833
53,2,3,25.8861,74.9209
53,3,1,25.8928,1024.26
53,3,2,35.1928,94.6845
53,3,3,38.8292,85.7056
53,4,1,38.8359,1024.26
53,4,2,48.1359,101.542
53,4,3,51.7723,92.4188
53,5,1,51.779,1024.26
53,5,2,61.079,106.04
53,5,3,64.7154,96.9715
53,6,1,64.7221,1024.26
53,6,2,74.0221,109.338
53,6,3,77.6584,100.373
53,7,1,77.6651,1024.26
53,7,2,86.9651,111.977
53,7,3,90.6015,103.125
53,8,1,90.6082,1024.26
53,8,2,99.9082,114.3
53,8,3,103.545,105.532
53,9,1,103.551,1024.26
53,9,2,112.851,116.419
53,9,3,116.488,107.7
53,10,1,116.494,1024.26
53,10,2,125.794,118.37
53,10,3,129.431,109.71
53,11,1,129.437,1024.26
53,11,2,138.737,120.192
53,11,3,142.374,111.603
53,12,1,142.38,1024.26
53,12,2,151.68,121.91
53,12,3,155.317,113.349
53,13,1,155.324,1024.26
53,13,2,164.624,123.518
53,13,3,168.26,114.99
53,14,1,168.267,1024.26
53,14,2,177.567,125.053
53,14,3,181.203,116.55
53,15,1,181.21,1024.26
53,15,2,190.51,126.504
53,15,3,194.146,118.022
53,16,1,194.153,1024.26
53,16,2,203.453,127.873
53,16,3,207.089,119.418
53,17,1,207.096,1024.26
53,17,2,216.396,129.165
53,17,3,220.032,120.754
53,18,1,220.039,1024.26
53,18,2,229.339,130.401
53,18,3,232.975,122.04
53,19,1,232.982,1024.26
53,19,2,242.282,131.592
53,19,3,245.918,123.281
53,20,1,245.925,1024.26
53,20,2,255.225,132.749
53,20,3,258.861,124.481
54,1,1,0.0114901,924.148
54,1,2,9.31149,64.3946
54,1,3,12.9479,58.0305
54,2,1,12.9593,924.148
54,2,2,22.2593,84.8534
54,2,3,25.8957,76.3546
54,3,1,25.9072,924.148
54,3,2,35.2072,97.698
54,3,3,38.8436,88.2891
54,4,1,38.8551,924.148
54,4,2,48.1551,106.188
54,4,3,51.7914,96.407
54,5,1,51.8029,924.148
54,5,2,61.1029,112.026
54,5,3,64.7393,102.157
54,6,1,64.7508,924.148
54,6,2,74.0508,116.294
54,6,3,77.6871,106.458
54,7,1,77.6986,924.148
54,7,2,86.9986,119.599
54,7,3,90.635,109.842
54,8,1,90.6465,924.148
54,8,2,99.9465,122.305
54,8,3,103.583,112.644
54,9,1,103.594,924.148
54,9,2,112.894,124.654
54,9,3,116.531,115.073
54,10,1,116.542,924.148
54,10,2,125.842,126.743
54,10,3,129.479,117.245
54,11,1,129.49,924.148
54,11,2,138.79,128.667
54,11,3,142.426,119.234
54,12,1,142.438,924.148
54,12,2,151.738,130.456
54,12,3,155.374,121.083
54,13,1,155.386,924.148
54,13,2,164.686,132.127
54,13,3,168.322,122.809
54,14,1,168.334,924.148
54,14,2,177.634,133.715
54,14,3,181.27,124.436
54,15,1,181.281,924.148
54,15,2,190.581,135.216
54,15,3,194.218,125.975
54,16,1,194.229,924.148
54,16,2,203.529,136.655
54,16,3,207.166,127.452
54,17,1,207.177,924.148
54,17,2,216.477,138.004
54,17,3,220.114,128.861
54,18,1,220.125,924.148
54,18,2,229.425,139.297
54,18,3,233.061,130.223
54,19,1,233.073,924.148
54,19,2,242.373,140.555
54,19,3,246.009,131.542
54,20,1,246.021,924.148
54,20,2,255.321,141.78
54,20,3,258.957,132.82
55,1,1,0.00223304,1003.15
55,1,2,9.30223,55.9525
55,1,3,12.9386,50.921
55,2,1,12.9408,1003.15
55,2,2,22.2408,68.7309
55,2,3,25.8772,62.53
55,3,1,25.8794,1003.15
55,3,2,35.1794,73.2692
55,3,3,38.8158,67.1676
55,4,1,38.818,1003.15
55,4,2,48.118,75.593
55,4,3,51.7544,69.7183
55,5,1,51.7566,1003.15
55,5,2,61.0566,77.4766
55,5,3,64.693,71.7381
55,6,1,64.6952,1003.15
55,6,2,73.9952,79.2872
55,6,3,77.6316,73.6035
55,7,1,77.6338,1003.15
55,7,2,86.9338,80.9928
55,7,3,90.5702,75.3479
55,8,1,90.5724,1003.15
55,8,2,99.8724,82.5939
55,8,3,103.509,76.9605
55,9,1,103.511,1003.15
55,9,2,112.811,84.0841
55,9,3,116.447,78.4603
55,10,1,116.45,1003.15
55,10,2,125.75,85.4631
55,10,3,129.386,79.8537
55,11,1,129.388,1003.15
55,11,2,138.688,86.7429
55,11,3,142.325,81.1397
55,12,1,142.327,1003.15
55,12,2,151.627,87.9101
55,12,3,155.263,82.3358
55,13,1,155.265,1003.15
55,13,2,164.565,89.0242
55,13,3,168.202,83.4741
55,14,1,168.204,1003.15
55,14,2,177.504,90.0605
55,14,3,181.14,84.516
55,15,1,181.143,1003.15
55,15,2,190.443,91.0449
55,15,3,194.079,85.5098
55,16,1,194.081,1003.15
55,16,2,203.381,91.972
55,16,3,207.018,86.4446
55,17,1,207.02,1003.15
55,17,2,216.32,92.8202
55,17,3,219.956,87.3165
55,18,1,219.958,1003.15
55,18,2,229.258,93.635
55,18,3,232.895,88.1677
55,19,1,232.897,1003.15
55,19,2,242.197,94.3858
55,19,3,245.833,88.9549
55,20,1,245.836,1003.15
55,20,2,255.136,95.1273
55,20,3,258.772,89.7347
6,1,1,0.00133657,1321.99
6,1,2,9.30134,63.9857
6,1,3,12.9377,57.6694
6,2,1,12.939,1321.99
6,2,2,22.239,76.0564
6,2,3,25.8754,68.8172
6,3,1,25.8767,1321.99
6,3,2,35.1767,79.3271
6,3,3,38.8131,72.4859
6,4,1,38.8144,1321.99
6,4,2,48.1144,81.4605
6,4,3,51.7508,74.8992
6,5,1,51.7521,1321.99
6,5,2,61.0521,83.4657
6,5,3,64.6885,77.0305
6,6,1,64.6898,1321.99
6,6,2,73.9898,85.4435
6,6,3,77.6262,79.0587
6,7,1,77.6275,1321.99
6,7,2,86.9275,87.3477
6,7,3,90.5639,80.9767
6,8,1,90.5652,1321.99
6,8,2,99.8652,89.1044
6,8,3,103.502,82.7611
6,9,1,103.503,1321.99
6,9,2,112.803,90.7327
6,9,3,116.439,84.3868
6,10,1,116.441,1321.99
6,10,2,125.741,92.2201
6,10,3,129.377,85.905
6,11,1,129.378,1321.99
6,11,2,138.678,93.6138
6,11,3,142.315,87.3088
6,12,1,142.316,1321.99
6,12,2,151.616,94.9112
6,12,3,155.252,88.6039
6,13,1,155.254,1321.99
6,13,2,164.554,96.0838
6,13,3,168.19,89.8046
6,14,1,168.191,1321.99
6,14,2,177.491,97.2058
6,14,3,181.128,90.9386
6,15,1,181.129,1321.99
6,15,2,190.429,98.2508
6,15,3,194.066,91.9951
6,16,1,194.067,1321.99
6,16,2,203.367,99.2494
6,16,3,207.003,93.0048
6,17,1,207.005,1321.99
6,17,2,216.305,100.18
6,17,3,219.941,93.9641
6,18,1,219.942,1321.99
6,18,2,229.242,101.055
6,18,3,232.879,94.8821
6,19,1,232.88,1321.99
6,19,2,242.18,101.909
6,19,3,245.816,95.768
6,20,1,245.818,1321.99
6,20,2,255.118,102.731
6,20,3,258.754,96.6275
7,1,1,0.0199763,1226.34
7,1,2,9.31998,90.6343
7,1,3,12.9563,80.079
7,2,1,12.9763,1226.34
7,2,2,22.2763,123.01
7,2,3,25.9127,108.935
7,3,1,25.9327,1226.34
7,3,2,35.2327,142.619
7,3,3,38.869,127.16
7,4,1,38.889,1226.34
7,4,2,48.189,156.124
7,4,3,51.8254,140.091
7,5,1,51.8453,1226.34
7,5,2,61.1453,166.169
7,5,3,64.7817,149.877
7,6,1,64.8017,1226.34
7,6,2,74.1017,173.849
7,6,3,77.738,157.503
7,7,1,77.758,1226.34
7,7,2,87.058,179.879
7,7,3,90.6944,163.584
7,8,1,90.7144,1226.34
7,8,2,100.014,184.77
7,8,3,103.651,168.571
7,9,1,103.671,1226.34
7,9,2,112.971,188.835
7,9,3,116.607,172.772
7,10,1,116.627,1226.34
7,10,2,125.927,192.304
7,10,3,129.563,176.365
7,11,1,129.583,1226.34
7,11,2,138.883,195.31
7,11,3,142.52,179.525
7,12,1,142.54,1226.34
7,12,2,151.84,198.015
7,12,3,155.476,182.372
7,13,1,155.496,1226.34
7,13,2,164.796,200.51
7,13,3,168.432,185.002
7,14,1,168.452,1226.34
7,14,2,177.752,202.84
7,14,3,181.389,187.451
7,15,1,181.409,1226.34
7,15,2,190.709,205.026
7,15,3,194.345,189.755
7,16,1,194.365,1226.34
7,16,2,203.665,207.116
7,16,3,207.301,191.95
7,17,1,207.321,1226.34
7,17,2,216.621,209.11
7,17,3,220.258,194.052
7,18,1,220.278,1226.34
7,18,2,229.578,211.025
7,18,3,233.214,196.068
7,19,1,233.234,1226.34
7,19,2,242.534,212.877
7,19,3,246.17,198.018
7,20,1,246.19,1226.34
7,20,2,255.49,214.673
7,20,3,259.127,199.911
8,1,1,0.0160439,983.086
8,1,2,9.31604,71.6169
8,1,3,12.9524,64.1387
8,2,1,12.9685,983.086
8,2,2,22.2685,95.4674
8,2,3,25.9048,85.3989
8,3,1,25.9209,983.086
8,3,2,35.2209,110.295
8,3,3,38.8572,99.1405
8,4,1,38.8733,983.086
8,4,2,48.1733,120.538
8,4,3,51.8096,108.886
8,5,1,51.8257,983.086
8,5,2,61.1257,127.92
8,5,3,64.762,116.082
8,6,1,64.7781,983.086
8,6,2,74.0781,133.396
8,6,3,77.7144,121.531
8,7,1,77.7305,983.086
8,7,2,87.0305,137.632
8,7,3,90.6669,125.823
8,8,1,90.6829,983.086
8,8,2,99.9829,141.043
8,8,3,103.619,129.32
8,9,1,103.635,983.086
8,9,2,112.935,143.881
8,9,3,116.572,132.278
8,10,1,116.588,983.086
8,10,2,125.888,146.376
8,10,3,129.524,134.867
8,11,1,129.54,983.086
8,11,2,138.84,148.592
8,11,3,142.476,137.184
8,12,1,142.493,983.086
8,12,2,151.793,150.623
8,12,3,155.429,139.289
8,13,1,155.445,983.086
8,13,2,164.745,152.506
8,13,3,168.381,141.249
8,14,1,168.397,983.086
8,14,2,177.697,154.276
8,14,3,181.334,143.083
8,15,1,181.35,983.086
8,15,2,190.65,155.961
8,15,3,194.286,144.834
8,16,1,194.302,983.086
8,16,2,203.602,157.56
8,16,3,207.239,146.5
8,17,1,207.255,983.086
8,17,2,216.555,159.08
8,17,3,220.191,148.098
8,18,1,220.207,983.086
8,18,2,229.507,160.539
8,18,3,233.143,149.634
8,19,1,233.159,983.086
8,19,2,242.459,161.952
8,19,3,246.096,151.122
8,20,1,246.112,983.086
8,20,2,255.412,163.334
8,20,3,259.048,152.564
9,1,1,0.00560524,1387.55
9,1,2,9.30561,75.6769
9,1,3,12.942,67.4739
9,2,1,12.9476,1387.55
9,2,2,22.2476,100.772
9,2,3,25.8839,89.8457
9,3,1,25.8895,1387.55
9,3,2,35.1895,114.701
9,3,3,38.8259,102.91
9,4,1,38.8315,1387.55
9,4,2,48.1315,122.809
9,4,3,51.7679,110.9
9,5,1,51.7735,1387.55
9,5,2,61.0735,127.954
9,5,3,64.7098,116.183
9,6,1,64.7154,1387.55
9,6,2,74.0154,131.663
9,6,3,77.6518,120.074
9,7,1,77.6574,1387.55
9,7,2,86.9574,134.691
9,7,3,90.5938,123.263
9,8,1,90.5994,1387.55
9,8,2,99.8994,137.343
9,8,3,103.536,126.037
9,9,1,103.541,1387.55
9,9,2,112.841,139.764
9,9,3,116.478,128.567
9,10,1,116.483,1387.55
9,10,2,125.783,142.032
9,10,3,129.42,130.922
9,11,1,129.425,1387.55
9,11,2,138.725,144.169
9,11,3,142.362,133.117
9,12,1,142.367,1387.55
9,12,2,151.667,146.163
9,12,3,155.304,135.178
9,13,1,155.309,1387.55
9,13,2,164.609,148.049
9,13,3,168.246,137.11
9,14,1,168.251,1387.55
9,14,2,177.551,149.842
9,14,3,181.188,138.943
9,15,1,181.193,1387.55
9,15,2,190.493,151.537
9,15,3,194.13,140.681
9,16,1,194.135,1387.55
9,16,2,203.435,153.148
9,16,3,207.072,142.344
9,17,1,207.077,1387.55
9,17,2,216.377,154.675
9,17,3,220.013,143.934
9,18,1,220.019,1387.55
9,18,2,229.319,156.127
9,18,3,232.955,145.451
9,19,1,232.961,1387.55
9,19,2,242.261,157.539
9,19,3,245.897,146.926
9,20,1,245.903,1387.55
9,20,2,255.203,158.91
9,20,3,258.839,148.348
